Year,District Code,District Name,NSPF School Code,School Name,School Type,Total Index Score,Star Rating,Title I Status,% Proficient ELA,% Proficient Math,% Proficient Science,95% Participation Met Mathematics,95% Participation Met ELA,Participation Warning,Participation Penalty,Continuing Participation Penalty,% Meeting AGP ELA,% Meeting AGP Math,% Meeting AGP EL,NAC 389.445 Credit Requirements (8th Grade),9th Grade Credit Sufficiency,CCR Participation,CCR Completion,Advanced Diploma,4-Year Graduation Rate,5-Year Graduation Rate,Chronic Absenteeism,CSI,Yrs In Designation As CSI,TSI,Yrs In Designation As TSI,ATSI,Yrs In Designation As ATSI,district_id,district_name,year
2016,1,Churchill,1205.1,Best ES,Regular,,,YES,41.7,36.3,,NO,NO,NO,NO,NO,,,,,,,,,,,,NO,,NO,,NO,,64826,Carson City,2016
2016,1,Churchill,1206.1,Lahontan ES,Regular,,,YES,,,,NO,NO,NO,NO,NO,,,,,,,,,,,,NO,,NO,,NO,,64826,Carson City,2016
2016,1,Churchill,1207.1,Numa ES,Regular,,,YES,43.2,26.0,64.0,NO,NO,NO,NO,NO,,,,,,,,,,,,NO,,NO,,NO,,64826,Carson City,2016
2016,1,Churchill,1301.2,Churchill Co MS,Regular,,,NO,48.7,24.8,51.6,NO,NO,NO,NO,NO,,,,,,,,,,,,NO,,NO,,NO,,64826,Carson City,2016
2016,1,Churchill,1401.3,Churchill Co HS,Regular,,,NO,74.6,54.5,,NO,NO,NO,NO,NO,,,,,,,,,,,,NO,,NO,,NO,,64826,Carson City,2016
2016,2,Clark,2076.1,Duncan ES,Regular,,,YES,43.9,31.9,60.7,NO,NO,NO,NO,NO,,,,,,,,,,,,NO,,NO,,NO,,64827,Churchill,2016
2016,2,Clark,2077.1,Wallin ES,Regular,,,NO,83.4,74.7,87.5,NO,NO,NO,NO,NO,,,,,,,,,,,,NO,,NO,,NO,,64827,Churchill,2016
2016,2,Clark,2078.1,Stuckey ES,Regular,,,NO,68.3,64.5,68.2,NO,NO,NO,NO,NO,,,,,,,,,,,,NO,,NO,,NO,,64827,Churchill,2016
2016,2,Clark,2079.1,Keller  ES,Regular,,,YES,40.5,27.1,38.7,NO,NO,NO,NO,NO,,,,,,,,,,,,NO,,NO,,NO,,64827,Churchill,2016
2016,2,Clark,2080.1,Fine  ES,Regular,,,YES,62.8,48.2,61.3,NO,NO,NO,NO,NO,,,,,,,,,,,,NO,,NO,,NO,,64827,Churchill,2016
2016,2,Clark,2081.1,Bozarth  ES,Regular,,,NO,70.9,54.4,70.3,NO,NO,NO,NO,NO,,,,,,,,,,,,NO,,NO,,NO,,64827,Churchill,2016
2016,2,Clark,2082.1,Triggs E.S. ES,Regular,,,NO,60.8,43.9,66.9,NO,NO,NO,NO,NO,,,,,,,,,,,,NO,,NO,,NO,,64827,Churchill,2016
2016,2,Clark,2083.1,ORoarke  ES,Regular,,,NO,73.5,61.8,78.9,NO,NO,NO,NO,NO,,,,,,,,,,,,NO,,NO,,NO,,64827,Churchill,2016
2016,2,Clark,2084.1,Reedom ES,Regular,,,NO,59.8,44,69.0,NO,NO,NO,NO,NO,,,,,,,,,,,,NO,,NO,,NO,,64827,Churchill,2016
2016,2,Clark,2085.1,Diaz ES,Regular,,,YES,33.3,24.7,35.4,NO,NO,NO,NO,NO,,,,,,,,,,,,NO,,NO,,NO,,64827,Churchill,2016
2016,2,Clark,2086.1,Scott ES,Regular,,,YES,26.3,19.7,36.6,NO,NO,NO,NO,NO,,,,,,,,,,,,NO,,NO,,NO,,64827,Churchill,2016
2016,2,Clark,2087.1,Rainbow Dreams ES,Charter,,,YES,33,14.8,57.9,NO,NO,NO,NO,NO,,,,,,,,,,,,NO,,NO,,NO,,64827,Churchill,2016
2016,2,Clark,2089.1,West Prep Acad ES,Regular,,,YES,34.2,24.2,51.9,NO,NO,NO,NO,NO,,,,,,,,,,,,NO,,NO,,NO,,64827,Churchill,2016
2016,2,Clark,2090.1,Smalley ES,Regular,,,NO,77.8,68.3,81.3,NO,NO,NO,NO,NO,,,,,,,,,,,,NO,,NO,,NO,,64827,Churchill,2016
2016,2,Clark,2091.1,Perkins Claude ES,Regular,,,YES,40.6,23.2,38.5,NO,NO,NO,NO,NO,,,,,,,,,,,,NO,,NO,,NO,,64827,Churchill,2016
2016,2,Clark,2092.1,Innovations ES,Charter,,,YES,33.9,21.1,46.6,NO,NO,NO,NO,NO,,,,,,,,,,,,NO,,NO,,NO,,64827,Churchill,2016
2016,2,Clark,2093.1,One Hundred Acad ES,Charter,,,YES,26.7,16.7,22.0,NO,NO,NO,NO,NO,,,,,,,,,,,,NO,,NO,,NO,,64827,Churchill,2016
2016,2,Clark,2094.1,Dickens ES,Regular,,,YES,39.8,31.7,32.5,NO,NO,NO,NO,NO,,,,,,,,,,,,NO,,NO,,NO,,64827,Churchill,2016
2016,2,Clark,2095.1,Bailey ES,Regular,,,YES,40.4,31.9,54.5,NO,NO,NO,NO,NO,,,,,,,,,,,,NO,,NO,,NO,,64827,Churchill,2016
2016,2,Clark,2096.1,Roundy ES,Regular,,,YES,49.3,48,39.4,NO,NO,NO,NO,NO,,,,,,,,,,,,NO,,NO,,NO,,64827,Churchill,2016
2016,2,Clark,2097.1,Forbuss ES,Regular,,,NO,64.5,40.4,75.9,NO,NO,NO,NO,NO,,,,,,,,,,,,NO,,NO,,NO,,64827,Churchill,2016
2016,2,Clark,2098.1,Steele ES,Regular,,,NO,66.7,49.2,68.6,NO,NO,NO,NO,NO,,,,,,,,,,,,NO,,NO,,NO,,64827,Churchill,2016
2016,2,Clark,2099.1,Schorr ES,Regular,,,YES,59.7,44.5,62.1,NO,NO,NO,NO,NO,,,,,,,,,,,,NO,,NO,,NO,,64827,Churchill,2016
2016,2,Clark,2100.1,Ward Kitty ES,Regular,,,NO,66.8,58.9,64.4,NO,NO,NO,NO,NO,,,,,,,,,,,,NO,,NO,,NO,,64827,Churchill,2016
2016,2,Clark,2101.1,Blue Diamond ES,Regular,,,NO,68.8,56.3,,NO,NO,NO,NO,NO,,,,,,,,,,,,NO,,NO,,NO,,64827,Churchill,2016
2016,2,Clark,2102.1,Goodsprings ES,Regular,,,YES,,,,NO,NO,NO,NO,NO,,,,,,,,,,,,NO,,NO,,NO,,64827,Churchill,2016
2016,2,Clark,2103.1,Lundy ES,Regular,,,NO,,,,NO,NO,NO,NO,NO,,,,,,,,,,,,NO,,NO,,NO,,64827,Churchill,2016
2016,2,Clark,2104.1,Reid ES,Regular,,,YES,,,,NO,NO,NO,NO,NO,,,,,,,,,,,,NO,,NO,,NO,,64827,Churchill,2016
2016,2,Clark,2105.1,King Martin ES,Regular,,,YES,24.3,14.4,42.3,NO,NO,NO,NO,NO,,,,,,,,,,,,NO,,NO,,NO,,64827,Churchill,2016
2016,2,Clark,2106.1,Deskin ES,Regular,,,YES,50.4,40.2,51.2,NO,NO,NO,NO,NO,,,,,,,,,,,,NO,,NO,,NO,,64827,Churchill,2016
2016,2,Clark,2107.1,Kim ES,Regular,,,YES,58.6,33.5,56.7,NO,NO,NO,NO,NO,,,,,,,,,,,,NO,,NO,,NO,,64827,Churchill,2016
2016,2,Clark,2108.1,Beatty ES,Regular,,,YES,64.4,52.2,74.8,NO,NO,NO,NO,NO,,,,,,,,,,,,NO,,NO,,NO,,64827,Churchill,2016
2016,2,Clark,2109.1,Christensen ES,Regular,,,YES,65.2,47.8,68.4,NO,NO,NO,NO,NO,,,,,,,,,,,,NO,,NO,,NO,,64827,Churchill,2016
2016,2,Clark,2110.1,Parson ES,Regular,,,YES,40.3,25.7,44.3,NO,NO,NO,NO,NO,,,,,,,,,,,,NO,,NO,,NO,,64827,Churchill,2016
2016,2,Clark,2111.1,Dooley ES,Regular,,,NO,65.5,55.7,66.7,NO,NO,NO,NO,NO,,,,,,,,,,,,NO,,NO,,NO,,64827,Churchill,2016
2016,2,Clark,2112.1,Mendoza ES,Regular,,,YES,35.1,28.3,44.3,NO,NO,NO,NO,NO,,,,,,,,,,,,NO,,NO,,NO,,64827,Churchill,2016
2016,2,Clark,2113.1,McMillan ES,Regular,,,YES,25.7,15.4,32.5,NO,NO,NO,NO,NO,,,,,,,,,,,,NO,,NO,,NO,,64827,Churchill,2016
2016,2,Clark,2114.1,Perkins Ute ES,Regular,,,YES,55.8,42.9,66.7,NO,NO,NO,NO,NO,,,,,,,,,,,,NO,,NO,,NO,,64827,Churchill,2016
2016,2,Clark,2115.1,Lynch ES,Regular,,,YES,18.2,17.6,28.3,NO,NO,NO,NO,NO,,,,,,,,,,,,NO,,NO,,NO,,64827,Churchill,2016
2016,2,Clark,2116.1,Woolley ES,Regular,,,YES,41.5,30.2,36.4,NO,NO,NO,NO,NO,,,,,,,,,,,,NO,,NO,,NO,,64827,Churchill,2016
2016,2,Clark,2117.1,Lunt  ES,Regular,,,YES,22.5,26.4,33.0,NO,NO,NO,NO,NO,,,,,,,,,,,,NO,,NO,,NO,,64827,Churchill,2016
2016,2,Clark,2118.1,Eisenberg ES,Regular,,,YES,42.3,38.2,59.3,NO,NO,NO,NO,NO,,,,,,,,,,,,NO,,NO,,NO,,64827,Churchill,2016
2016,2,Clark,2119.1,Fong ES,Regular,,,YES,44.1,32.8,46.4,NO,NO,NO,NO,NO,,,,,,,,,,,,NO,,NO,,NO,,64827,Churchill,2016
2016,2,Clark,2120.1,Gibson ES,Regular,,,NO,58,44.9,57.6,NO,NO,NO,NO,NO,,,,,,,,,,,,NO,,NO,,NO,,64827,Churchill,2016
2016,2,Clark,2121.1,Wynn ES,Regular,,,YES,34.1,23.6,27.5,NO,NO,NO,NO,NO,,,,,,,,,,,,NO,,NO,,NO,,64827,Churchill,2016
2016,2,Clark,2122.1,Hill ES,Regular,,,YES,46.2,33,62.4,NO,NO,NO,NO,NO,,,,,,,,,,,,NO,,NO,,NO,,64827,Churchill,2016
2016,2,Clark,2123.1,Jacobson ES,Regular,,,YES,54.8,46.6,61.0,NO,NO,NO,NO,NO,,,,,,,,,,,,NO,,NO,,NO,,64827,Churchill,2016
2016,2,Clark,2124.1,Derfelt ES,Regular,,,YES,49.5,38.3,52.0,NO,NO,NO,NO,NO,,,,,,,,,,,,NO,,NO,,NO,,64827,Churchill,2016
2016,2,Clark,2125.1,Cunningham ES,Regular,,,YES,40.1,30.5,39.1,NO,NO,NO,NO,NO,,,,,,,,,,,,NO,,NO,,NO,,64827,Churchill,2016
2016,2,Clark,2126.1,Cox David ES,Regular,,,NO,71.9,61.5,81.2,NO,NO,NO,NO,NO,,,,,,,,,,,,NO,,NO,,NO,,64827,Churchill,2016
2016,2,Clark,2127.1,Treem ES,Regular,,,YES,48.4,30.1,63.0,NO,NO,NO,NO,NO,,,,,,,,,,,,NO,,NO,,NO,,64827,Churchill,2016
2016,2,Clark,2128.1,Rundle ES,Regular,,,YES,30.7,22.5,36.0,NO,NO,NO,NO,NO,,,,,,,,,,,,NO,,NO,,NO,,64827,Churchill,2016
2016,2,Clark,2129.1,Herr ES,Regular,,,YES,31.4,19.9,42.0,NO,NO,NO,NO,NO,,,,,,,,,,,,NO,,NO,,NO,,64827,Churchill,2016
2016,2,Clark,2130.1,Dailey ES,Regular,,,YES,43,40.2,36.4,NO,NO,NO,NO,NO,,,,,,,,,,,,NO,,NO,,NO,,64827,Churchill,2016
2016,2,Clark,2131.1,Adams ES,Regular,,,YES,34.5,26.5,43.8,NO,NO,NO,NO,NO,,,,,,,,,,,,NO,,NO,,NO,,64827,Churchill,2016
2016,2,Clark,2132.1,May ES,Regular,,,YES,54.8,39.5,71.3,NO,NO,NO,NO,NO,,,,,,,,,,,,NO,,NO,,NO,,64827,Churchill,2016
2016,2,Clark,2133.1,Kahre ES,Regular,,,YES,50,23.9,50.0,NO,NO,NO,NO,NO,,,,,,,,,,,,NO,,NO,,NO,,64827,Churchill,2016
2016,2,Clark,2134.1,Katz ES,Regular,,,YES,38.8,33,47.6,NO,NO,NO,NO,NO,,,,,,,,,,,,NO,,NO,,NO,,64827,Churchill,2016
2016,2,Clark,2135.1,Jydstrup ES,Regular,,,YES,41.2,27.7,44.7,NO,NO,NO,NO,NO,,,,,,,,,,,,NO,,NO,,NO,,64827,Churchill,2016
2016,2,Clark,2136.1,King Martha ES,Regular,,,NO,59.4,48.2,86.4,NO,NO,NO,NO,NO,,,,,,,,,,,,NO,,NO,,NO,,64827,Churchill,2016
2016,2,Clark,2137.1,Bartlett ES,Regular,,,NO,74.8,66.5,79.3,NO,NO,NO,NO,NO,,,,,,,,,,,,NO,,NO,,NO,,64827,Churchill,2016
2016,2,Clark,2138.1,Bendorf ES,Regular,,,YES,67,53.4,73.5,NO,NO,NO,NO,NO,,,,,,,,,,,,NO,,NO,,NO,,64827,Churchill,2016
2016,2,Clark,2139.1,Thorpe ES,Regular,,,YES,37.9,22.4,54.1,NO,NO,NO,NO,NO,,,,,,,,,,,,NO,,NO,,NO,,64827,Churchill,2016
2016,2,Clark,2140.1,Antonello ES,Regular,,,YES,50.2,40.5,51.7,NO,NO,NO,NO,NO,,,,,,,,,,,,NO,,NO,,NO,,64827,Churchill,2016
2016,2,Clark,2141.1,Lummis ES,Regular,,,NO,62.3,56,84.9,NO,NO,NO,NO,NO,,,,,,,,,,,,NO,,NO,,NO,,64827,Churchill,2016
2016,2,Clark,2142.1,Wiener ES,Regular,,,YES,58.6,50.9,68.0,NO,NO,NO,NO,NO,,,,,,,,,,,,NO,,NO,,NO,,64827,Churchill,2016
2016,2,Clark,2143.1,Fitzgerald ES,Regular,,,YES,18.5,14.8,21.9,NO,NO,NO,NO,NO,,,,,,,,,,,,NO,,NO,,NO,,64827,Churchill,2016
2016,2,Clark,2144.1,Lowman ES,Regular,,,YES,25.9,17.3,16.2,NO,NO,NO,NO,NO,,,,,,,,,,,,NO,,NO,,NO,,64827,Churchill,2016
2016,2,Clark,2145.1,Piggott ES,Regular,,,NO,62.4,53.5,71.1,NO,NO,NO,NO,NO,,,,,,,,,,,,NO,,NO,,NO,,64827,Churchill,2016
2016,2,Clark,2146.1,Newton ES,Regular,,,NO,56.7,44,70.9,NO,NO,NO,NO,NO,,,,,,,,,,,,NO,,NO,,NO,,64827,Churchill,2016
2016,2,Clark,2147.1,Bruner ES,Regular,,,YES,31.5,18.8,38.2,NO,NO,NO,NO,NO,,,,,,,,,,,,NO,,NO,,NO,,64827,Churchill,2016
2016,2,Clark,2148.1,Bryan Richard ES,Regular,,,NO,61,43.8,60.2,NO,NO,NO,NO,NO,,,,,,,,,,,,NO,,NO,,NO,,64827,Churchill,2016
2016,2,Clark,2149.1,Wilhelm ES,Regular,,,YES,41.5,29.6,42.6,NO,NO,NO,NO,NO,,,,,,,,,,,,NO,,NO,,NO,,64827,Churchill,2016
2016,2,Clark,2150.1,Roberts ES,Regular,,,NO,53.7,45.7,62.9,NO,NO,NO,NO,NO,,,,,,,,,,,,NO,,NO,,NO,,64827,Churchill,2016
2016,2,Clark,2151.1,Allen ES,Regular,,,NO,61.6,53.1,71.6,NO,NO,NO,NO,NO,,,,,,,,,,,,NO,,NO,,NO,,64827,Churchill,2016
2016,2,Clark,2152.1,Wolfe ES,Regular,,,YES,41.9,34.9,50.5,NO,NO,NO,NO,NO,,,,,,,,,,,,NO,,NO,,NO,,64827,Churchill,2016
2016,2,Clark,2153.1,Goldfarb ES,Regular,,,YES,42,43.7,46.1,NO,NO,NO,NO,NO,,,,,,,,,,,,NO,,NO,,NO,,64827,Churchill,2016
2016,2,Clark,2154.1,Vanderburg ES,Regular,,,NO,86.3,74.3,83.9,NO,NO,NO,NO,NO,,,,,,,,,,,,NO,,NO,,NO,,64827,Churchill,2016
2016,2,Clark,2155.1,Cambeiro ES,Regular,,,YES,21.3,13.5,16.3,NO,NO,NO,NO,NO,,,,,,,,,,,,NO,,NO,,NO,,64827,Churchill,2016
2016,2,Clark,2156.1,Bryan Roger ES,Regular,,,YES,56.9,47.4,67.3,NO,NO,NO,NO,NO,,,,,,,,,,,,NO,,NO,,NO,,64827,Churchill,2016
2016,2,Clark,2157.1,Bonner ES,Regular,,,NO,79.7,71.8,84.8,NO,NO,NO,NO,NO,,,,,,,,,,,,NO,,NO,,NO,,64827,Churchill,2016
2016,2,Clark,2158.1,Cartwright ES,Regular,,,YES,55,47.1,72.3,NO,NO,NO,NO,NO,,,,,,,,,,,,NO,,NO,,NO,,64827,Churchill,2016
2016,2,Clark,2159.1,Bowler Joseph ES,Regular,,,YES,38.2,31.1,49.3,NO,NO,NO,NO,NO,,,,,,,,,,,,NO,,NO,,NO,,64827,Churchill,2016
2016,2,Clark,2160.1,Rhodes ES,Regular,,,NO,61.7,49.8,67.6,NO,NO,NO,NO,NO,,,,,,,,,,,,NO,,NO,,NO,,64827,Churchill,2016
2016,2,Clark,2161.1,Guy ES,Regular,,,YES,40.7,29.1,55.3,NO,NO,NO,NO,NO,,,,,,,,,,,,NO,,NO,,NO,,64827,Churchill,2016
2016,2,Clark,2162.1,Morrow ES,Regular,,,NO,75.9,52.6,85.0,NO,NO,NO,NO,NO,,,,,,,,,,,,NO,,NO,,NO,,64827,Churchill,2016
2016,2,Clark,2163.1,Bunker ES,Regular,,,YES,39.6,27.8,44.8,NO,NO,NO,NO,NO,,,,,,,,,,,,NO,,NO,,NO,,64827,Churchill,2016
2016,2,Clark,2164.1,Elizondo ES,Regular,,,YES,46.6,34.9,58.3,NO,NO,NO,NO,NO,,,,,,,,,,,,NO,,NO,,NO,,64827,Churchill,2016
2016,2,Clark,2165.1,Cortez ES,Regular,,,YES,35.5,16.4,24.8,NO,NO,NO,NO,NO,,,,,,,,,,,,NO,,NO,,NO,,64827,Churchill,2016
2016,2,Clark,2166.1,Lamping ES,Regular,,,NO,79.7,70,89.7,NO,NO,NO,NO,NO,,,,,,,,,,,,NO,,NO,,NO,,64827,Churchill,2016
2016,2,Clark,2167.1,Garehime ES,Regular,,,NO,63.6,45.8,72.5,NO,NO,NO,NO,NO,,,,,,,,,,,,NO,,NO,,NO,,64827,Churchill,2016
2016,2,Clark,2168.1,Hayes ES,Regular,,,YES,64.6,52.2,69.1,NO,NO,NO,NO,NO,,,,,,,,,,,,NO,,NO,,NO,,64827,Churchill,2016
2016,2,Clark,2169.1,Kesterson ES,Regular,,,NO,58.4,43.5,68.2,NO,NO,NO,NO,NO,,,,,,,,,,,,NO,,NO,,NO,,64827,Churchill,2016
2016,2,Clark,2170.1,Neal ES,Regular,,,YES,58.6,44.3,69.1,NO,NO,NO,NO,NO,,,,,,,,,,,,NO,,NO,,NO,,64827,Churchill,2016
2016,2,Clark,2171.1,Carl ES,Regular,,,YES,49.8,32.2,60.3,NO,NO,NO,NO,NO,,,,,,,,,,,,NO,,NO,,NO,,64827,Churchill,2016
2016,2,Clark,2172.1,Darnell ES,Regular,,,NO,61.6,41.3,62.8,NO,NO,NO,NO,NO,,,,,,,,,,,,NO,,NO,,NO,,64827,Churchill,2016
2016,2,Clark,2173.1,Heckethorn ES,Regular,,,NO,66.7,57.3,77.2,NO,NO,NO,NO,NO,,,,,,,,,,,,NO,,NO,,NO,,64827,Churchill,2016
2016,2,Clark,2174.1,Rogers ES,Regular,,,YES,68.4,59.8,61.1,NO,NO,NO,NO,NO,,,,,,,,,,,,NO,,NO,,NO,,64827,Churchill,2016
2016,2,Clark,2175.1,Snyder ES,Regular,,,YES,34.3,29.9,36.8,NO,NO,NO,NO,NO,,,,,,,,,,,,NO,,NO,,NO,,64827,Churchill,2016
2016,2,Clark,2176.1,Twitchell ES,Regular,,,NO,76.8,63.3,81.5,NO,NO,NO,NO,NO,,,,,,,,,,,,NO,,NO,,NO,,64827,Churchill,2016
2016,2,Clark,2177.1,Watson ES,Regular,,,YES,29.1,20,33.0,NO,NO,NO,NO,NO,,,,,,,,,,,,NO,,NO,,NO,,64827,Churchill,2016
2016,2,Clark,2178.1,Alamo ES,Regular,,,YES,58.7,50.8,62.0,NO,NO,NO,NO,NO,,,,,,,,,,,,NO,,NO,,NO,,64827,Churchill,2016
2016,2,Clark,2179.1,Brookman ES,Regular,,,YES,46.5,31.7,54.7,NO,NO,NO,NO,NO,,,,,,,,,,,,NO,,NO,,NO,,64827,Churchill,2016
2016,2,Clark,2180.1,Cozine ES,Regular,,,YES,38.9,33.4,38.6,NO,NO,NO,NO,NO,,,,,,,,,,,,NO,,NO,,NO,,64827,Churchill,2016
2016,2,Clark,2181.1,Gehring ES,Regular,,,YES,66.4,61.5,61.9,NO,NO,NO,NO,NO,,,,,,,,,,,,NO,,NO,,NO,,64827,Churchill,2016
2016,2,Clark,2182.1,Iverson ES,Regular,,,YES,64.5,44.9,67.7,NO,NO,NO,NO,NO,,,,,,,,,,,,NO,,NO,,NO,,64827,Churchill,2016
2016,2,Clark,2183.1,Walker ES,Regular,,,NO,72.1,58.1,81.9,NO,NO,NO,NO,NO,,,,,,,,,,,,NO,,NO,,NO,,64827,Churchill,2016
2016,2,Clark,2184.1,Conners ES,Regular,,,NO,59.4,44.1,68.2,NO,NO,NO,NO,NO,,,,,,,,,,,,NO,,NO,,NO,,64827,Churchill,2016
2016,2,Clark,2185.1,Givens ES,Regular,,,NO,79.4,71.7,89.2,NO,NO,NO,NO,NO,,,,,,,,,,,,NO,,NO,,NO,,64827,Churchill,2016
2016,2,Clark,2186.1,Goolsby ES,Regular,,,NO,77.2,71.6,82.8,NO,NO,NO,NO,NO,,,,,,,,,,,,NO,,NO,,NO,,64827,Churchill,2016
2016,2,Clark,2187.1,Hummel ES,Regular,,,YES,47.2,35.4,66.7,NO,NO,NO,NO,NO,,,,,,,,,,,,NO,,NO,,NO,,64827,Churchill,2016
2016,2,Clark,2188.1,Scherkenbach ES,Regular,,,NO,57,44.5,82.2,NO,NO,NO,NO,NO,,,,,,,,,,,,NO,,NO,,NO,,64827,Churchill,2016
2016,2,Clark,2189.1,Simmons ES,Regular,,,YES,46.4,48.1,49.5,NO,NO,NO,NO,NO,,,,,,,,,,,,NO,,NO,,NO,,64827,Churchill,2016
2016,2,Clark,2190.1,Tanaka ES,Regular,,,YES,51.5,32.3,58.8,NO,NO,NO,NO,NO,,,,,,,,,,,,NO,,NO,,NO,,64827,Churchill,2016
2016,2,Clark,2191.1,Tartan ES,Regular,,,YES,33.1,27.9,32.6,NO,NO,NO,NO,NO,,,,,,,,,,,,NO,,NO,,NO,,64827,Churchill,2016
2016,2,Clark,2192.1,Thiriot ES,Regular,,,YES,47.9,34.2,60.8,NO,NO,NO,NO,NO,,,,,,,,,,,,NO,,NO,,NO,,64827,Churchill,2016
2016,2,Clark,2193.1,Batterman ES,Regular,,,NO,74.1,63.9,78.5,NO,NO,NO,NO,NO,,,,,,,,,,,,NO,,NO,,NO,,64827,Churchill,2016
2016,2,Clark,2194.1,Ries ES,Regular,,,YES,47.7,34.7,50.4,NO,NO,NO,NO,NO,,,,,,,,,,,,NO,,NO,,NO,,64827,Churchill,2016
2016,2,Clark,2195.1,Hickey ES,Regular,,,YES,32.6,18.8,36.1,NO,NO,NO,NO,NO,,,,,,,,,,,,NO,,NO,,NO,,64827,Churchill,2016
2016,2,Clark,2196.1,Jeffers ES,Regular,,,YES,32.5,30.9,44.8,NO,NO,NO,NO,NO,,,,,,,,,,,,NO,,NO,,NO,,64827,Churchill,2016
2016,2,Clark,2197.1,Goynes ES,Regular,,,NO,59.5,51.6,71.8,NO,NO,NO,NO,NO,,,,,,,,,,,,NO,,NO,,NO,,64827,Churchill,2016
2016,2,Clark,2198.1,Thompson ES,Regular,,,NO,78,63.2,82.3,NO,NO,NO,NO,NO,,,,,,,,,,,,NO,,NO,,NO,,64827,Churchill,2016
2016,2,Clark,2199.1,Hayden ES,Regular,,,YES,53.7,35.1,53.3,NO,NO,NO,NO,NO,,,,,,,,,,,,NO,,NO,,NO,,64827,Churchill,2016
2016,2,Clark,2200.1,Wright ES,Regular,,,NO,67.1,57.6,80.3,NO,NO,NO,NO,NO,,,,,,,,,,,,NO,,NO,,NO,,64827,Churchill,2016
2016,2,Clark,2201.1,Ronzone ES,Regular,,,YES,33.1,20.2,43.8,NO,NO,NO,NO,NO,,,,,,,,,,,,NO,,NO,,NO,,64827,Churchill,2016
2016,2,Clark,2202.1,Hoggard ES,Regular,,,YES,68.9,59.5,83.3,NO,NO,NO,NO,NO,,,,,,,,,,,,NO,,NO,,NO,,64827,Churchill,2016
2016,2,Clark,2203.1,Ronnow ES,Regular,,,YES,45.1,33.8,53.2,NO,NO,NO,NO,NO,,,,,,,,,,,,NO,,NO,,NO,,64827,Churchill,2016
2016,2,Clark,2204.1,Squires ES,Regular,,,YES,23.6,23.3,39.6,NO,NO,NO,NO,NO,,,,,,,,,,,,NO,,NO,,NO,,64827,Churchill,2016
2016,2,Clark,2205.1,Crestwood ES,Regular,,,YES,45.6,22.1,51.1,NO,NO,NO,NO,NO,,,,,,,,,,,,NO,,NO,,NO,,64827,Churchill,2016
2016,2,Clark,2206.1,Gilbert ES,Regular,,,YES,54.5,35.4,67.5,NO,NO,NO,NO,NO,,,,,,,,,,,,NO,,NO,,NO,,64827,Churchill,2016
2016,2,Clark,2207.1,Hancock ES,Regular,,,YES,30.7,24.4,39.8,NO,NO,NO,NO,NO,,,,,,,,,,,,NO,,NO,,NO,,64827,Churchill,2016
2016,2,Clark,2208.1,Griffith ES,Regular,,,YES,30.6,14.7,45.5,NO,NO,NO,NO,NO,,,,,,,,,,,,NO,,NO,,NO,,64827,Churchill,2016
2016,2,Clark,2209.1,Herron ES,Regular,,,YES,46.8,54.3,49.2,NO,NO,NO,NO,NO,,,,,,,,,,,,NO,,NO,,NO,,64827,Churchill,2016
2016,2,Clark,2210.1,Hewetson ES,Regular,,,YES,33.2,24.1,33.3,NO,NO,NO,NO,NO,,,,,,,,,,,,NO,,NO,,NO,,64827,Churchill,2016
2016,2,Clark,2211.1,Booker ES,Regular,,,YES,29,20.3,42.5,NO,NO,NO,NO,NO,,,,,,,,,,,,NO,,NO,,NO,,64827,Churchill,2016
2016,2,Clark,2212.1,Earl Ira ES,Regular,,,YES,28.3,16.8,31.1,NO,NO,NO,NO,NO,,,,,,,,,,,,NO,,NO,,NO,,64827,Churchill,2016
2016,2,Clark,2213.1,Manch ES,Regular,,,YES,24.9,17.7,23.7,NO,NO,NO,NO,NO,,,,,,,,,,,,NO,,NO,,NO,,64827,Churchill,2016
2016,2,Clark,2214.1,Ullom ES,Regular,,,YES,37.1,31.2,46.9,NO,NO,NO,NO,NO,,,,,,,,,,,,NO,,NO,,NO,,64827,Churchill,2016
2016,2,Clark,2215.1,Miller Sch ES,Special Education,,,NO,<5,<5,,NO,NO,NO,NO,NO,,,,,,,,,,,,NO,,NO,,NO,,64827,Churchill,2016
2016,2,Clark,2215.2,Miller Sch MS,Special Education,,,NO,<5,<5,,NO,NO,NO,NO,NO,,,,,,,,,,,,NO,,NO,,NO,,64827,Churchill,2016
2016,2,Clark,2215.3,Miller Sch HS,Special Education,,,NO,,,,NO,NO,NO,NO,NO,,,,,,,,,,,,NO,,NO,,NO,,64827,Churchill,2016
2016,2,Clark,2216.1,Park ES,Regular,,,YES,33.8,26.5,50.0,NO,NO,NO,NO,NO,,,,,,,,,,,,NO,,NO,,NO,,64827,Churchill,2016
2016,2,Clark,2217.1,Mackey ES,Regular,,,YES,69,53.5,81.9,NO,NO,NO,NO,NO,,,,,,,,,,,,NO,,NO,,NO,,64827,Churchill,2016
2016,2,Clark,2218.1,McWilliams ES,Regular,,,YES,38.8,32.9,39.3,NO,NO,NO,NO,NO,,,,,,,,,,,,NO,,NO,,NO,,64827,Churchill,2016
2016,2,Clark,2219.1,Carson ES,Regular,,,YES,46.3,38.7,57.5,NO,NO,NO,NO,NO,,,,,,,,,,,,NO,,NO,,NO,,64827,Churchill,2016
2016,2,Clark,2220.1,Dearing ES,Regular,,,YES,38.6,29.7,27.8,NO,NO,NO,NO,NO,,,,,,,,,,,,NO,,NO,,NO,,64827,Churchill,2016
2016,2,Clark,2221.1,Rowe ES,Regular,,,YES,36.4,25,46.1,NO,NO,NO,NO,NO,,,,,,,,,,,,NO,,NO,,NO,,64827,Churchill,2016
2016,2,Clark,2222.1,Lincoln ES,Regular,,,YES,27.6,20.4,33.6,NO,NO,NO,NO,NO,,,,,,,,,,,,NO,,NO,,NO,,64827,Churchill,2016
2016,2,Clark,2223.1,Craig ES,Regular,,,YES,22.5,12.3,32.0,NO,NO,NO,NO,NO,,,,,,,,,,,,NO,,NO,,NO,,64827,Churchill,2016
2016,2,Clark,2224.1,Williams Wendell ES,Regular,,,YES,14.5,12,21.6,NO,NO,NO,NO,NO,,,,,,,,,,,,NO,,NO,,NO,,64827,Churchill,2016
2016,2,Clark,2225.1,Cahlan ES,Regular,,,YES,53.6,47.8,50.9,NO,NO,NO,NO,NO,,,,,,,,,,,,NO,,NO,,NO,,64827,Churchill,2016
2016,2,Clark,2226.1,Kelly ES,Regular,,,YES,14.2,16.8,37.5,NO,NO,NO,NO,NO,,,,,,,,,,,,NO,,NO,,NO,,64827,Churchill,2016
2016,2,Clark,2228.1,Mountain View ES,Regular,,,YES,30.6,26.1,41.9,NO,NO,NO,NO,NO,,,,,,,,,,,,NO,,NO,,NO,,64827,Churchill,2016
2016,2,Clark,2229.1,Heard ES,Regular,,,NO,67.3,46.8,83.6,NO,NO,NO,NO,NO,,,,,,,,,,,,NO,,NO,,NO,,64827,Churchill,2016
2016,2,Clark,2230.1,Taylor Glen ES,Regular,,,NO,76.5,66.4,85.8,NO,NO,NO,NO,NO,,,,,,,,,,,,NO,,NO,,NO,,64827,Churchill,2016
2016,2,Clark,2231.1,Adcock ES,Regular,,,YES,50.4,37,59.3,NO,NO,NO,NO,NO,,,,,,,,,,,,NO,,NO,,NO,,64827,Churchill,2016
2016,2,Clark,2232.1,Paradise ES,Regular,,,YES,40.6,23.2,39.1,NO,NO,NO,NO,NO,,,,,,,,,,,,NO,,NO,,NO,,64827,Churchill,2016
2016,2,Clark,2233.1,Culley ES,Regular,,,YES,37.5,18.3,40.9,NO,NO,NO,NO,NO,,,,,,,,,,,,NO,,NO,,NO,,64827,Churchill,2016
2016,2,Clark,2234.1,McCall ES,Regular,,,YES,39,24.3,40.0,NO,NO,NO,NO,NO,,,,,,,,,,,,NO,,NO,,NO,,64827,Churchill,2016
2016,2,Clark,2235.1,Red Rock ES,Regular,,,YES,29.2,13,35.9,NO,NO,NO,NO,NO,,,,,,,,,,,,NO,,NO,,NO,,64827,Churchill,2016
2016,2,Clark,2236.1,Bell ES,Regular,,,YES,37.3,22.4,48.6,NO,NO,NO,NO,NO,,,,,,,,,,,,NO,,NO,,NO,,64827,Churchill,2016
2016,2,Clark,2237.1,Lake ES,Regular,,,YES,46.7,39.2,37.1,NO,NO,NO,NO,NO,,,,,,,,,,,,NO,,NO,,NO,,64827,Churchill,2016
2016,2,Clark,2238.1,Warren ES,Regular,,,YES,30.2,29.2,37.9,NO,NO,NO,NO,NO,,,,,,,,,,,,NO,,NO,,NO,,64827,Churchill,2016
2016,2,Clark,2239.1,Thomas ES,Regular,,,YES,28.3,19.5,50.5,NO,NO,NO,NO,NO,,,,,,,,,,,,NO,,NO,,NO,,64827,Churchill,2016
2016,2,Clark,2240.1,Fyfe ES,Regular,,,YES,23.8,14.3,24.6,NO,NO,NO,NO,NO,,,,,,,,,,,,NO,,NO,,NO,,64827,Churchill,2016
2016,2,Clark,2241.1,Sunrise Acres ES,Regular,,,YES,33.5,38.5,32.2,NO,NO,NO,NO,NO,,,,,,,,,,,,NO,,NO,,NO,,64827,Churchill,2016
2016,2,Clark,2242.1,Williams Tom ES,Regular,,,YES,25.7,21.4,28.6,NO,NO,NO,NO,NO,,,,,,,,,,,,NO,,NO,,NO,,64827,Churchill,2016
2016,2,Clark,2243.1,Twin Lakes ES,Regular,,,YES,33.9,19.9,41.9,NO,NO,NO,NO,NO,,,,,,,,,,,,NO,,NO,,NO,,64827,Churchill,2016
2016,2,Clark,2244.1,Pittman ES,Regular,,,YES,33.9,25.2,35.1,NO,NO,NO,NO,NO,,,,,,,,,,,,NO,,NO,,NO,,64827,Churchill,2016
2016,2,Clark,2245.1,Vegas Verdes ES,Regular,,,YES,59.5,53.3,56.1,NO,NO,NO,NO,NO,,,,,,,,,,,,NO,,NO,,NO,,64827,Churchill,2016
2016,2,Clark,2246.1,Bracken ES,Regular,,,YES,82,63.7,90.5,NO,NO,NO,NO,NO,,,,,,,,,,,,NO,,NO,,NO,,64827,Churchill,2016
2016,2,Clark,2247.1,Wasden ES,Regular,,,YES,39,27.6,59.7,NO,NO,NO,NO,NO,,,,,,,,,,,,NO,,NO,,NO,,64827,Churchill,2016
2016,2,Clark,2248.1,Beckley ES,Regular,,,YES,31.5,17.3,35.8,NO,NO,NO,NO,NO,,,,,,,,,,,,NO,,NO,,NO,,64827,Churchill,2016
2016,2,Clark,2249.1,McCaw ES,Regular,,,YES,66.3,64.8,80.5,NO,NO,NO,NO,NO,,,,,,,,,,,,NO,,NO,,NO,,64827,Churchill,2016
2016,2,Clark,2250.1,Mitchell ES,Regular,,,NO,,,,NO,NO,NO,NO,NO,,,,,,,,,,,,NO,,NO,,NO,,64827,Churchill,2016
2016,2,Clark,2251.1,Sewell ES,Regular,,,YES,72.1,62.8,74.6,NO,NO,NO,NO,NO,,,,,,,,,,,,NO,,NO,,NO,,64827,Churchill,2016
2016,2,Clark,2252.1,Indian Springs ES,Regular,,,YES,40.9,36.4,46.2,NO,NO,NO,NO,NO,,,,,,,,,,,,NO,,NO,,NO,,64827,Churchill,2016
2016,2,Clark,2253.1,Priest ES,Regular,,,YES,31.9,25.6,36.0,NO,NO,NO,NO,NO,,,,,,,,,,,,NO,,NO,,NO,,64827,Churchill,2016
2016,2,Clark,2254.1,Taylor Robert ES,Regular,,,YES,30.5,17.5,40.8,NO,NO,NO,NO,NO,,,,,,,,,,,,NO,,NO,,NO,,64827,Churchill,2016
2016,2,Clark,2255.1,Virgin Valley ES,Regular,,,YES,51,44.9,53.3,NO,NO,NO,NO,NO,,,,,,,,,,,,NO,,NO,,NO,,64827,Churchill,2016
2016,2,Clark,2256.1,Whitney ES,Regular,,,YES,39.8,31.1,45.1,NO,NO,NO,NO,NO,,,,,,,,,,,,NO,,NO,,NO,,64827,Churchill,2016
2016,2,Clark,2257.1,Ferron ES,Regular,,,YES,44.8,44.4,57.3,NO,NO,NO,NO,NO,,,,,,,,,,,,NO,,NO,,NO,,64827,Churchill,2016
2016,2,Clark,2258.1,Ward Gene ES,Regular,,,YES,31.7,25.5,28.0,NO,NO,NO,NO,NO,,,,,,,,,,,,NO,,NO,,NO,,64827,Churchill,2016
2016,2,Clark,2259.1,Wengert ES,Regular,,,YES,48.9,29.4,49.5,NO,NO,NO,NO,NO,,,,,,,,,,,,NO,,NO,,NO,,64827,Churchill,2016
2016,2,Clark,2260.1,Tate ES,Regular,,,YES,37.1,27.7,38.2,NO,NO,NO,NO,NO,,,,,,,,,,,,NO,,NO,,NO,,64827,Churchill,2016
2016,2,Clark,2261.1,Harmon ES,Regular,,,YES,31.2,20.5,32.5,NO,NO,NO,NO,NO,,,,,,,,,,,,NO,,NO,,NO,,64827,Churchill,2016
2016,2,Clark,2262.1,Harris ES,Regular,,,YES,35.2,21.6,52.4,NO,NO,NO,NO,NO,,,,,,,,,,,,NO,,NO,,NO,,64827,Churchill,2016
2016,2,Clark,2263.1,Diskin ES,Regular,,,YES,46.3,34.4,45.6,NO,NO,NO,NO,NO,,,,,,,,,,,,NO,,NO,,NO,,64827,Churchill,2016
2016,2,Clark,2264.1,Smith Helen ES,Regular,,,YES,54.2,40.5,53.5,NO,NO,NO,NO,NO,,,,,,,,,,,,NO,,NO,,NO,,64827,Churchill,2016
2016,2,Clark,2265.1,Tomiyasu ES,Regular,,,YES,37,29.1,59.4,NO,NO,NO,NO,NO,,,,,,,,,,,,NO,,NO,,NO,,64827,Churchill,2016
2016,2,Clark,2266.1,Dondero ES,Regular,,,YES,36.8,27.7,47.3,NO,NO,NO,NO,NO,,,,,,,,,,,,NO,,NO,,NO,,64827,Churchill,2016
2016,2,Clark,2267.1,Edwards ES,Regular,,,YES,32.5,19.4,36.0,NO,NO,NO,NO,NO,,,,,,,,,,,,NO,,NO,,NO,,64827,Churchill,2016
2016,2,Clark,2268.1,French ES,Regular,,,YES,59.8,47.7,58.1,NO,NO,NO,NO,NO,,,,,,,,,,,,NO,,NO,,NO,,64827,Churchill,2016
2016,2,Clark,2269.1,Decker ES,Regular,,,YES,36.2,27.7,38.5,NO,NO,NO,NO,NO,,,,,,,,,,,,NO,,NO,,NO,,64827,Churchill,2016
2016,2,Clark,2270.1,Long ES,Regular,,,YES,32.5,18.4,35.4,NO,NO,NO,NO,NO,,,,,,,,,,,,NO,,NO,,NO,,64827,Churchill,2016
2016,2,Clark,2271.1,Bilbray ES,Regular,,,NO,69.2,62.1,68.1,NO,NO,NO,NO,NO,,,,,,,,,,,,NO,,NO,,NO,,64827,Churchill,2016
2016,2,Clark,2272.1,Frias ES,Regular,,,NO,76.8,67.2,72.8,NO,NO,NO,NO,NO,,,,,,,,,,,,NO,,NO,,NO,,64827,Churchill,2016
2016,2,Clark,2273.1,Hollingsworth ES,Regular,,,YES,36.3,23,35.7,NO,NO,NO,NO,NO,,,,,,,,,,,,NO,,NO,,NO,,64827,Churchill,2016
2016,2,Clark,2274.1,Miller Sandy ES,Regular,,,YES,58.7,45.7,68.8,NO,NO,NO,NO,NO,,,,,,,,,,,,NO,,NO,,NO,,64827,Churchill,2016
2016,2,Clark,2275.1,Gragson ES,Regular,,,YES,37.8,29.7,46.2,NO,NO,NO,NO,NO,,,,,,,,,,,,NO,,NO,,NO,,64827,Churchill,2016
2016,2,Clark,2276.1,Galloway ES,Regular,,,YES,46.4,42.4,59.6,NO,NO,NO,NO,NO,,,,,,,,,,,,NO,,NO,,NO,,64827,Churchill,2016
2016,2,Clark,2277.1,NateMack ES,Regular,,,YES,64.6,55.1,73.3,NO,NO,NO,NO,NO,,,,,,,,,,,,NO,,NO,,NO,,64827,Churchill,2016
2016,2,Clark,2278.1,Gray ES,Regular,,,YES,34.3,26.7,42.0,NO,NO,NO,NO,NO,,,,,,,,,,,,NO,,NO,,NO,,64827,Churchill,2016
2016,2,Clark,2279.1,Bowler Grant ES,Regular,,,NO,61.2,53.5,73.3,NO,NO,NO,NO,NO,,,,,,,,,,,,NO,,NO,,NO,,64827,Churchill,2016
2016,2,Clark,2280.1,Bass ES,Regular,,,YES,57.7,47.6,49.5,NO,NO,NO,NO,NO,,,,,,,,,,,,NO,,NO,,NO,,64827,Churchill,2016
2016,2,Clark,2281.1,Martinez ES,Regular,,,YES,35.1,26.3,33.3,NO,NO,NO,NO,NO,,,,,,,,,,,,NO,,NO,,NO,,64827,Churchill,2016
2016,2,Clark,2282.1,Moore ES,Regular,,,YES,31.6,19.9,36.3,NO,NO,NO,NO,NO,,,,,,,,,,,,NO,,NO,,NO,,64827,Churchill,2016
2016,2,Clark,2283.1,Ober ES,Regular,,,NO,70.8,65.4,77.3,NO,NO,NO,NO,NO,,,,,,,,,,,,NO,,NO,,NO,,64827,Churchill,2016
2016,2,Clark,2284.1,Smith Hal ES,Regular,,,YES,30.7,18.9,42.4,NO,NO,NO,NO,NO,,,,,,,,,,,,NO,,NO,,NO,,64827,Churchill,2016
2016,2,Clark,2285.1,Tarr ES,Regular,,,YES,58.8,45.8,67.0,NO,NO,NO,NO,NO,,,,,,,,,,,,NO,,NO,,NO,,64827,Churchill,2016
2016,2,Clark,2286.1,Staton ES,Regular,,,NO,71.3,66.6,80.9,NO,NO,NO,NO,NO,,,,,,,,,,,,NO,,NO,,NO,,64827,Churchill,2016
2016,2,Clark,2287.1,Wolff ES,Regular,,,NO,79.9,69.9,86.4,NO,NO,NO,NO,NO,,,,,,,,,,,,NO,,NO,,NO,,64827,Churchill,2016
2016,2,Clark,2288.1,Agassi ES,Charter,,,YES,52.3,22.4,63.0,NO,NO,NO,NO,NO,,,,,,,,,,,,NO,,NO,,NO,,64827,Churchill,2016
2016,2,Clark,2289.1,Petersen ES,Regular,,,YES,23.2,14.2,25.3,NO,NO,NO,NO,NO,,,,,,,,,,,,NO,,NO,,NO,,64827,Churchill,2016
2016,2,Clark,2290.1,Tobler ES,Regular,,,YES,29.4,20.2,41.1,NO,NO,NO,NO,NO,,,,,,,,,,,,NO,,NO,,NO,,64827,Churchill,2016
2016,2,Clark,2291.1,Sandy Valley ES,Regular,,,YES,19.7,19.7,23.5,NO,NO,NO,NO,NO,,,,,,,,,,,,NO,,NO,,NO,,64827,Churchill,2016
2016,2,Clark,2292.1,Bennett ES,Regular,,,YES,30,26.4,57.8,NO,NO,NO,NO,NO,,,,,,,,,,,,NO,,NO,,NO,,64827,Churchill,2016
2016,2,Clark,2293.1,Cox Clyde ES,Regular,,,YES,23,10.7,27.2,NO,NO,NO,NO,NO,,,,,,,,,,,,NO,,NO,,NO,,64827,Churchill,2016
2016,2,Clark,2294.1,Stanford ES,Regular,,,YES,34.3,21.7,35.0,NO,NO,NO,NO,NO,,,,,,,,,,,,NO,,NO,,NO,,64827,Churchill,2016
2016,2,Clark,2295.1,Reed ES,Regular,,,YES,26.5,11.5,26.1,NO,NO,NO,NO,NO,,,,,,,,,,,,NO,,NO,,NO,,64827,Churchill,2016
2016,2,Clark,2296.1,Earl Marion ES,Regular,,,YES,51.7,47.6,58.9,NO,NO,NO,NO,NO,,,,,,,,,,,,NO,,NO,,NO,,64827,Churchill,2016
2016,2,Clark,2297.1,Hinman ES,Regular,,,YES,48.1,38.5,50.5,NO,NO,NO,NO,NO,,,,,,,,,,,,NO,,NO,,NO,,64827,Churchill,2016
2016,2,Clark,2298.1,McDoniel ES,Regular,,,YES,63,46.5,70.8,NO,NO,NO,NO,NO,,,,,,,,,,,,NO,,NO,,NO,,64827,Churchill,2016
2016,2,Clark,2299.1,Odyssey ES,Charter,,,YES,36.6,26.7,51.0,NO,NO,NO,NO,NO,,,,,,,,,,,,NO,,NO,,NO,,64827,Churchill,2016
2016,2,Clark,2300.1,Detwiler ES,Regular,,,YES,24.2,19.5,24.5,NO,NO,NO,NO,NO,,,,,,,,,,,,NO,,NO,,NO,,64827,Churchill,2016
2016,2,Clark,2301.2,Von Tobel MS,Regular,,,YES,20.4,12.7,33.5,NO,NO,NO,NO,NO,,,,,,,,,,,,NO,,NO,,NO,,64827,Churchill,2016
2016,2,Clark,2302.2,Garside MS,Regular,,,YES,32.2,16.1,39.8,NO,NO,NO,NO,NO,,,,,,,,,,,,NO,,NO,,NO,,64827,Churchill,2016
2016,2,Clark,2303.2,Hyde Park MS,Regular,,,YES,67,48.3,57.0,NO,NO,NO,NO,NO,,,,,,,,,,,,NO,,NO,,NO,,64827,Churchill,2016
2016,2,Clark,2304.2,Cashman MS,Regular,,,YES,46.3,21.9,59.3,NO,NO,NO,NO,NO,,,,,,,,,,,,NO,,NO,,NO,,64827,Churchill,2016
2016,2,Clark,2305.2,Smith MS,Regular,,,YES,26.7,14.9,34.4,NO,NO,NO,NO,NO,,,,,,,,,,,,NO,,NO,,NO,,64827,Churchill,2016
2016,2,Clark,2306.2,Brinley MS,Regular,,,YES,21,12.6,24.1,NO,NO,NO,NO,NO,,,,,,,,,,,,NO,,NO,,NO,,64827,Churchill,2016
2016,2,Clark,2307.2,Bridger MS,Regular,,,YES,45.7,20.9,57.7,NO,NO,NO,NO,NO,,,,,,,,,,,,NO,,NO,,NO,,64827,Churchill,2016
2016,2,Clark,2308.2,Fremont MS,Regular,,,YES,27.3,11.6,46.0,NO,NO,NO,NO,NO,,,,,,,,,,,,NO,,NO,,NO,,64827,Churchill,2016
2016,2,Clark,2309.2,Knudson MS,Regular,,,YES,51.1,22.1,69.0,NO,NO,NO,NO,NO,,,,,,,,,,,,NO,,NO,,NO,,64827,Churchill,2016
2016,2,Clark,2310.2,Gibson MS,Regular,,,YES,39.7,16.5,44.7,NO,NO,NO,NO,NO,,,,,,,,,,,,NO,,NO,,NO,,64827,Churchill,2016
2016,2,Clark,2311.2,Martin MS,Regular,,,YES,46.1,24.5,54.5,NO,NO,NO,NO,NO,,,,,,,,,,,,NO,,NO,,NO,,64827,Churchill,2016
2016,2,Clark,2312.2,Orr MS,Regular,,,YES,23.4,11.6,19.3,NO,NO,NO,NO,NO,,,,,,,,,,,,NO,,NO,,NO,,64827,Churchill,2016
2016,2,Clark,2313.2,Burkholder MS,Regular,,,YES,45.5,22.7,64.4,NO,NO,NO,NO,NO,,,,,,,,,,,,NO,,NO,,NO,,64827,Churchill,2016
2016,2,Clark,2314.2,Woodbury MS,Regular,,,YES,36.1,14.9,50.8,NO,NO,NO,NO,NO,,,,,,,,,,,,NO,,NO,,NO,,64827,Churchill,2016
2016,2,Clark,2315.2,Robison MS,Regular,,,YES,29.4,10.9,40.1,NO,NO,NO,NO,NO,,,,,,,,,,,,NO,,NO,,NO,,64827,Churchill,2016
2016,2,Clark,2316.2,Cannon MS,Regular,,,YES,36,13.3,52.7,NO,NO,NO,NO,NO,,,,,,,,,,,,NO,,NO,,NO,,64827,Churchill,2016
2016,2,Clark,2317.2,Guinn MS,Regular,,,YES,48.6,27.3,48.4,NO,NO,NO,NO,NO,,,,,,,,,,,,NO,,NO,,NO,,64827,Churchill,2016
2016,2,Clark,2318.2,Garrett MS,Regular,,,NO,59.2,37.1,80.1,NO,NO,NO,NO,NO,,,,,,,,,,,,NO,,NO,,NO,,64827,Churchill,2016
2016,2,Clark,2319.2,Brown MS,Regular,,,YES,49.9,24,60.8,NO,NO,NO,NO,NO,,,,,,,,,,,,NO,,NO,,NO,,64827,Churchill,2016
2016,2,Clark,2320.2,Sandy Valley MS,Regular,,,YES,27.9,16.3,40.0,NO,NO,NO,NO,NO,,,,,,,,,,,,NO,,NO,,NO,,64827,Churchill,2016
2016,2,Clark,2320.3,Sandy Valley HS,Regular,,,YES,77.3,37.1,,NO,NO,NO,NO,NO,,,,,,,,,,,,NO,,NO,,NO,,64827,Churchill,2016
2016,2,Clark,2321.2,Laughlin JSHS MS,Regular,,,YES,32.6,15.9,51.8,NO,NO,NO,NO,NO,,,,,,,,,,,,NO,,NO,,NO,,64827,Churchill,2016
2016,2,Clark,2321.3,Laughlin JSHS HS,Regular,,,YES,68.2,45.5,,NO,NO,NO,NO,NO,,,,,,,,,,,,NO,,NO,,NO,,64827,Churchill,2016
2016,2,Clark,2322.2,OCallaghan MS,Regular,,,YES,32.5,16.3,38.1,NO,NO,NO,NO,NO,,,,,,,,,,,,NO,,NO,,NO,,64827,Churchill,2016
2016,2,Clark,2323.2,Johnson MS,Regular,,,YES,43.9,24.4,60.3,NO,NO,NO,NO,NO,,,,,,,,,,,,NO,,NO,,NO,,64827,Churchill,2016
2016,2,Clark,2324.2,Greenspun MS,Regular,,,NO,64.3,35.6,78.3,NO,NO,NO,NO,NO,,,,,,,,,,,,NO,,NO,,NO,,64827,Churchill,2016
2016,2,Clark,2325.2,Swainston MS,Regular,,,YES,30.4,14.2,44.9,NO,NO,NO,NO,NO,,,,,,,,,,,,NO,,NO,,NO,,64827,Churchill,2016
2016,2,Clark,2326.2,White MS,Regular,,,YES,50.6,24.4,67.6,NO,NO,NO,NO,NO,,,,,,,,,,,,NO,,NO,,NO,,64827,Churchill,2016
2016,2,Clark,2327.2,Becker MS,Regular,,,YES,63.8,35.8,74.0,NO,NO,NO,NO,NO,,,,,,,,,,,,NO,,NO,,NO,,64827,Churchill,2016
2016,2,Clark,2328.2,Sawyer MS,Regular,,,YES,43.8,19.8,48.1,NO,NO,NO,NO,NO,,,,,,,,,,,,NO,,NO,,NO,,64827,Churchill,2016
2016,2,Clark,2329.2,Lyon MS,Regular,,,NO,60.5,43,71.4,NO,NO,NO,NO,NO,,,,,,,,,,,,NO,,NO,,NO,,64827,Churchill,2016
2016,2,Clark,2330.2,West Prep Sec MS,Regular,,,YES,20.2,9.4,33.0,NO,NO,NO,NO,NO,,,,,,,,,,,,NO,,NO,,NO,,64827,Churchill,2016
2016,2,Clark,2330.3,West Prep Sec HS,Regular,,,YES,86,53.4,,NO,NO,NO,NO,NO,,,,,,,,,,,,NO,,NO,,NO,,64827,Churchill,2016
2016,2,Clark,2331.2,Lied MS,Regular,,,YES,38.2,12.8,61.8,NO,NO,NO,NO,NO,,,,,,,,,,,,NO,,NO,,NO,,64827,Churchill,2016
2016,2,Clark,2332.2,Keller MS,Regular,,,YES,29.7,14.1,48.8,NO,NO,NO,NO,NO,,,,,,,,,,,,NO,,NO,,NO,,64827,Churchill,2016
2016,2,Clark,2333.2,Molasky MS,Regular,,,YES,30.7,14.4,50.1,NO,NO,NO,NO,NO,,,,,,,,,,,,NO,,NO,,NO,,64827,Churchill,2016
2016,2,Clark,2334.2,Silvestri MS,Regular,,,YES,50.7,32.2,60.8,NO,NO,NO,NO,NO,,,,,,,,,,,,NO,,NO,,NO,,64827,Churchill,2016
2016,2,Clark,2335.2,Cortney MS,Regular,,,YES,27.1,14.3,40.5,NO,NO,NO,NO,NO,,,,,,,,,,,,NO,,NO,,NO,,64827,Churchill,2016
2016,2,Clark,2336.2,Indian Springs MS,Regular,,,YES,40.7,44.4,,NO,NO,NO,NO,NO,,,,,,,,,,,,NO,,NO,,NO,,64827,Churchill,2016
2016,2,Clark,2337.2,Lawrence MS,Regular,,,YES,54.6,25.7,60.9,NO,NO,NO,NO,NO,,,,,,,,,,,,NO,,NO,,NO,,64827,Churchill,2016
2016,2,Clark,2338.2,Miller Bob MS,Regular,,,NO,71.1,46.2,82.6,NO,NO,NO,NO,NO,,,,,,,,,,,,NO,,NO,,NO,,64827,Churchill,2016
2016,2,Clark,2339.2,Rogich MS,Regular,,,NO,64.6,50.6,81.2,NO,NO,NO,NO,NO,,,,,,,,,,,,NO,,NO,,NO,,64827,Churchill,2016
2016,2,Clark,2341.2,Leavitt MS,Regular,,,YES,59.2,30.7,68.8,NO,NO,NO,NO,NO,,,,,,,,,,,,NO,,NO,,NO,,64827,Churchill,2016
2016,2,Clark,2342.2,Cram MS,Regular,,,YES,37.2,25.1,53.1,NO,NO,NO,NO,NO,,,,,,,,,,,,NO,,NO,,NO,,64827,Churchill,2016
2016,2,Clark,2343.2,Monaco MS,Regular,,,YES,23,15.4,37.0,NO,NO,NO,NO,NO,,,,,,,,,,,,NO,,NO,,NO,,64827,Churchill,2016
2016,2,Clark,2344.2,Schofield MS,Regular,,,YES,49.9,25.5,65.4,NO,NO,NO,NO,NO,,,,,,,,,,,,NO,,NO,,NO,,64827,Churchill,2016
2016,2,Clark,2345.2,Sedway MS,Regular,,,YES,28.4,9.2,33.0,NO,NO,NO,NO,NO,,,,,,,,,,,,NO,,NO,,NO,,64827,Churchill,2016
2016,2,Clark,2346.2,Harney MS,Regular,,,YES,40.9,22.4,53.2,NO,NO,NO,NO,NO,,,,,,,,,,,,NO,,NO,,NO,,64827,Churchill,2016
2016,2,Clark,2347.2,Fertitta MS,Regular,,,YES,59.5,40.8,72.7,NO,NO,NO,NO,NO,,,,,,,,,,,,NO,,NO,,NO,,64827,Churchill,2016
2016,2,Clark,2348.2,Cadwallader MS,Regular,,,NO,60.2,39.4,72.9,NO,NO,NO,NO,NO,,,,,,,,,,,,NO,,NO,,NO,,64827,Churchill,2016
2016,2,Clark,2349.2,Canarelli MS,Regular,,,YES,60,43.1,75.3,NO,NO,NO,NO,NO,,,,,,,,,,,,NO,,NO,,NO,,64827,Churchill,2016
2016,2,Clark,2350.2,Hughes MS,Regular,,,YES,40.4,33.3,61.3,NO,NO,NO,NO,NO,,,,,,,,,,,,NO,,NO,,NO,,64827,Churchill,2016
2016,2,Clark,2352.2,Findlay MS,Regular,,,YES,32.6,12.4,41.3,NO,NO,NO,NO,NO,,,,,,,,,,,,NO,,NO,,NO,,64827,Churchill,2016
2016,2,Clark,2353.2,Mannion MS,Regular,,,NO,65,39.8,79.3,NO,NO,NO,NO,NO,,,,,,,,,,,,NO,,NO,,NO,,64827,Churchill,2016
2016,2,Clark,2354.2,Saville MS,Regular,,,NO,50.9,27.3,67.1,NO,NO,NO,NO,NO,,,,,,,,,,,,NO,,NO,,NO,,64827,Churchill,2016
2016,2,Clark,2355.2,Webb MS,Regular,,,NO,72.4,50.8,82.1,NO,NO,NO,NO,NO,,,,,,,,,,,,NO,,NO,,NO,,64827,Churchill,2016
2016,2,Clark,2356.2,Jerome Mack MS,Regular,,,YES,23.9,7.9,32.4,NO,NO,NO,NO,NO,,,,,,,,,,,,NO,,NO,,NO,,64827,Churchill,2016
2016,2,Clark,2357.2,Bailey MS,Regular,,,YES,22,13.7,37.3,NO,NO,NO,NO,NO,,,,,,,,,,,,NO,,NO,,NO,,64827,Churchill,2016
2016,2,Clark,2358.2,Odyssey MS,Charter,,,YES,53.9,23.7,57.8,NO,NO,NO,NO,NO,,,,,,,,,,,,NO,,NO,,NO,,64827,Churchill,2016
2016,2,Clark,2359.2,Johnston MS,Regular,,,YES,29.9,10.9,43.3,NO,NO,NO,NO,NO,,,,,,,,,,,,NO,,NO,,NO,,64827,Churchill,2016
2016,2,Clark,2360.2,Tarkanian MS,Regular,,,NO,62.6,33,80.0,NO,NO,NO,NO,NO,,,,,,,,,,,,NO,,NO,,NO,,64827,Churchill,2016
2016,2,Clark,2361.2,Escobedo MS,Regular,,,NO,45.5,24.5,56.3,NO,NO,NO,NO,NO,,,,,,,,,,,,NO,,NO,,NO,,64827,Churchill,2016
2016,2,Clark,2362.2,Faiss MS,Regular,,,YES,53.7,29.7,68.3,NO,NO,NO,NO,NO,,,,,,,,,,,,NO,,NO,,NO,,64827,Churchill,2016
2016,2,Clark,2363.2,Innovations MS,Charter,,,YES,25.7,16.4,27.8,NO,NO,NO,NO,NO,,,,,,,,,,,,NO,,NO,,NO,,64827,Churchill,2016
2016,2,Clark,2363.3,Innovations HS,Charter,,,YES,73.2,48.6,,NO,NO,NO,NO,NO,,,,,,,,,,,,NO,,NO,,NO,,64827,Churchill,2016
2016,2,Clark,2364.2,100 Academy 6-8 MS,Charter,,,YES,19.7,<5,29.7,NO,NO,NO,NO,NO,,,,,,,,,,,,NO,,NO,,NO,,64827,Churchill,2016
2016,2,Clark,2367.2,RainbowDreamAC MS,Charter,,,NO,20.8,<5,,NO,NO,NO,NO,NO,,,,,,,,,,,,NO,,NO,,NO,,64827,Churchill,2016
2016,2,Clark,2401.3,Clark HS,Regular,,,YES,56.7,37.9,,NO,NO,NO,NO,NO,,,,,,,,,,,,NO,,NO,,NO,,64827,Churchill,2016
2016,2,Clark,2402.3,Las Vegas HS,Regular,,,YES,65.4,38,,NO,NO,NO,NO,NO,,,,,,,,,,,,NO,,NO,,NO,,64827,Churchill,2016
2016,2,Clark,2403.3,Rancho HS,Regular,,,YES,47.4,55.7,,NO,NO,NO,NO,NO,,,,,,,,,,,,NO,,NO,,NO,,64827,Churchill,2016
2016,2,Clark,2404.3,Valley HS,Regular,,,YES,50.5,39.8,,NO,NO,NO,NO,NO,,,,,,,,,,,,NO,,NO,,NO,,64827,Churchill,2016
2016,2,Clark,2405.3,Western HS,Regular,,,YES,53.5,41.6,,NO,NO,NO,NO,NO,,,,,,,,,,,,NO,,NO,,NO,,64827,Churchill,2016
2016,2,Clark,2406.3,Basic HS,Regular,,,YES,72.7,45,,NO,NO,NO,NO,NO,,,,,,,,,,,,NO,,NO,,NO,,64827,Churchill,2016
2016,2,Clark,2407.2,Jeffrey Behavior MS,Alternative,,,NO,,,,NO,NO,NO,NO,NO,,,,,,,,,,,,NO,,NO,,NO,,64827,Churchill,2016
2016,2,Clark,2407.3,Jeffrey Behavior HS,Alternative,,,NO,,,,NO,NO,NO,NO,NO,,,,,,,,,,,,NO,,NO,,NO,,64827,Churchill,2016
2016,2,Clark,2408.3,Morris Sunset HS,Alternative,,,NO,,,,NO,NO,NO,NO,NO,,,,,,,,,,,,NO,,NO,,NO,,64827,Churchill,2016
2016,2,Clark,2409.3,Chaparral HS,Regular,,,YES,28.1,33.4,,NO,NO,NO,NO,NO,,,,,,,,,,,,NO,,NO,,NO,,64827,Churchill,2016
2016,2,Clark,2410.3,Eldorado HS,Regular,,,YES,61,42.8,,NO,NO,NO,NO,NO,,,,,,,,,,,,NO,,NO,,NO,,64827,Churchill,2016
2016,2,Clark,2411.3,Bonanza HS,Regular,,,YES,81.8,48,,NO,NO,NO,NO,NO,,,,,,,,,,,,NO,,NO,,NO,,64827,Churchill,2016
2016,2,Clark,2412.3,SECTA HS,Regular,,,YES,93.8,69.1,,NO,NO,NO,NO,NO,,,,,,,,,,,,NO,,NO,,NO,,64827,Churchill,2016
2016,2,Clark,2414.3,Cimarron Mem HS,Regular,,,YES,67.5,38.8,,NO,NO,NO,NO,NO,,,,,,,,,,,,NO,,NO,,NO,,64827,Churchill,2016
2016,2,Clark,2415.3,Cheyenne HS,Regular,,,YES,9,32.9,,NO,NO,NO,NO,NO,,,,,,,,,,,,NO,,NO,,NO,,64827,Churchill,2016
2016,2,Clark,2416.3,Green Valley HS,Regular,,,NO,85.4,64.1,,NO,NO,NO,NO,NO,,,,,,,,,,,,NO,,NO,,NO,,64827,Churchill,2016
2016,2,Clark,2417.3,Durango HS,Regular,,,YES,60.8,49.2,,NO,NO,NO,NO,NO,,,,,,,,,,,,NO,,NO,,NO,,64827,Churchill,2016
2016,2,Clark,2418.3,Las Vegas Acad HS,Regular,,,NO,91.1,75.1,,NO,NO,NO,NO,NO,,,,,,,,,,,,NO,,NO,,NO,,64827,Churchill,2016
2016,2,Clark,2420.3,Advanced Tech Aca HS,Regular,,,NO,,86.2,,NO,NO,NO,NO,NO,,,,,,,,,,,,NO,,NO,,NO,,64827,Churchill,2016
2016,2,Clark,2421.3,Silverado HS,Regular,,,NO,51.3,52.3,,NO,NO,NO,NO,NO,,,,,,,,,,,,NO,,NO,,NO,,64827,Churchill,2016
2016,2,Clark,2422.3,Coll So. NV HS E HS,Regular,,,NO,,50,,NO,NO,NO,NO,NO,,,,,,,,,,,,NO,,NO,,NO,,64827,Churchill,2016
2016,2,Clark,2423.3,Coll So. NV HS W HS,Regular,,,NO,>95,,,NO,NO,NO,NO,NO,,,,,,,,,,,,NO,,NO,,NO,,64827,Churchill,2016
2016,2,Clark,2424.3,Mojave HS,Regular,,,YES,47.3,32.7,,NO,NO,NO,NO,NO,,,,,,,,,,,,NO,,NO,,NO,,64827,Churchill,2016
2016,2,Clark,2425.3,Palo Verde HS,Regular,,,NO,40,54.8,,NO,NO,NO,NO,NO,,,,,,,,,,,,NO,,NO,,NO,,64827,Churchill,2016
2016,2,Clark,2426.3,Coll So. NV HS S HS,Regular,,,NO,36.4,,,NO,NO,NO,NO,NO,,,,,,,,,,,,NO,,NO,,NO,,64827,Churchill,2016
2016,2,Clark,2427.3,Shadow Ridge HS,Regular,,,NO,61.3,52.8,,NO,NO,NO,NO,NO,,,,,,,,,,,,NO,,NO,,NO,,64827,Churchill,2016
2016,2,Clark,2428.3,Liberty HS,Regular,,,NO,82,55.4,,NO,NO,NO,NO,NO,,,,,,,,,,,,NO,,NO,,NO,,64827,Churchill,2016
2016,2,Clark,2429.3,Canyon Springs HS,Regular,,,YES,54.7,38.4,,NO,NO,NO,NO,NO,,,,,,,,,,,,NO,,NO,,NO,,64827,Churchill,2016
2016,2,Clark,2430.3,Del Sol HS,Regular,,,YES,52.2,40.9,,NO,NO,NO,NO,NO,,,,,,,,,,,,NO,,NO,,NO,,64827,Churchill,2016
2016,2,Clark,2431.3,Spring Valley HS,Regular,,,YES,73.5,57.2,,NO,NO,NO,NO,NO,,,,,,,,,,,,NO,,NO,,NO,,64827,Churchill,2016
2016,2,Clark,2432.3,VTCTA HS,Regular,,,YES,>95,64,,NO,NO,NO,NO,NO,,,,,,,,,,,,NO,,NO,,NO,,64827,Churchill,2016
2016,2,Clark,2433.3,SWCTA HS,Regular,,,NO,91.1,72.2,,NO,NO,NO,NO,NO,,,,,,,,,,,,NO,,NO,,NO,,64827,Churchill,2016
2016,2,Clark,2434.3,Sunrise Mountain HS,Regular,,,NO,38.6,35,,NO,NO,NO,NO,NO,,,,,,,,,,,,NO,,NO,,NO,,64827,Churchill,2016
2016,2,Clark,2435.3,West C&T HS,Regular,,,NO,>95,77.6,,NO,NO,NO,NO,NO,,,,,,,,,,,,NO,,NO,,NO,,64827,Churchill,2016
2016,2,Clark,2601.3,Boulder City HS,Regular,,,NO,85.7,65.3,,NO,NO,NO,NO,NO,,,,,,,,,,,,NO,,NO,,NO,,64827,Churchill,2016
2016,2,Clark,2602.3,Moapa Valley HS,Regular,,,NO,75.9,46.6,,NO,NO,NO,NO,NO,,,,,,,,,,,,NO,,NO,,NO,,64827,Churchill,2016
2016,2,Clark,2603.3,Virgin Valley HS,Regular,,,YES,70.4,54.6,,NO,NO,NO,NO,NO,,,,,,,,,,,,NO,,NO,,NO,,64827,Churchill,2016
2016,2,Clark,2604.3,Indian Springs HS,Regular,,,NO,85.2,48,,NO,NO,NO,NO,NO,,,,,,,,,,,,NO,,NO,,NO,,64827,Churchill,2016
2016,2,Clark,2607.3,Centennial HS,Regular,,,NO,56.5,45.5,,NO,NO,NO,NO,NO,,,,,,,,,,,,NO,,NO,,NO,,64827,Churchill,2016
2016,2,Clark,2608.3,Foothill HS,Regular,,,NO,55.6,51.4,,NO,NO,NO,NO,NO,,,,,,,,,,,,NO,,NO,,NO,,64827,Churchill,2016
2016,2,Clark,2609.3,Desert Pines HS,Regular,,,YES,29.4,37,,NO,NO,NO,NO,NO,,,,,,,,,,,,NO,,NO,,NO,,64827,Churchill,2016
2016,2,Clark,2611.3,Sierra Vista HS,Regular,,,NO,40.2,44.9,,NO,NO,NO,NO,NO,,,,,,,,,,,,NO,,NO,,NO,,64827,Churchill,2016
2016,2,Clark,2612.3,Coronado HS,Regular,,,NO,25.3,58.1,,NO,NO,NO,NO,NO,,,,,,,,,,,,NO,,NO,,NO,,64827,Churchill,2016
2016,2,Clark,2614.3,Odyssey HS,Charter,,,YES,68,34.3,,NO,NO,NO,NO,NO,,,,,,,,,,,,NO,,NO,,NO,,64827,Churchill,2016
2016,2,Clark,2615.1,Expl Knowledge ES,Charter,,,NO,56,48.8,60.4,NO,NO,NO,NO,NO,,,,,,,,,,,,NO,,NO,,NO,,64827,Churchill,2016
2016,2,Clark,2616.2,Expl Knowledge MS,Charter,,,NO,54.6,29.4,59.3,NO,NO,NO,NO,NO,,,,,,,,,,,,NO,,NO,,NO,,64827,Churchill,2016
2016,2,Clark,2616.3,Expl Knowledge HS,Charter,,,NO,90,56.3,,NO,NO,NO,NO,NO,,,,,,,,,,,,NO,,NO,,NO,,64827,Churchill,2016
2016,2,Clark,2617.2,Agassi MS,Charter,,,YES,25.1,8.1,48.2,NO,NO,NO,NO,NO,,,,,,,,,,,,NO,,NO,,NO,,64827,Churchill,2016
2016,2,Clark,2617.3,Agassi HS,Charter,,,YES,75.3,58,,NO,NO,NO,NO,NO,,,,,,,,,,,,NO,,NO,,NO,,64827,Churchill,2016
2016,2,Clark,2618.3,Arbor View HS,Regular,,,NO,83.6,60.7,,NO,NO,NO,NO,NO,,,,,,,,,,,,NO,,NO,,NO,,64827,Churchill,2016
2016,2,Clark,2619.3,Legacy HS,Regular,,,YES,45.5,28.4,,NO,NO,NO,NO,NO,,,,,,,,,,,,NO,,NO,,NO,,64827,Churchill,2016
2016,2,Clark,2620.3,NW Career & Tech HS,Regular,,,NO,>95,63.5,,NO,NO,NO,NO,NO,,,,,,,,,,,,NO,,NO,,NO,,64827,Churchill,2016
2016,2,Clark,2621.2,Delta Charter MS,Charter,,,YES,18.8,7.8,30.3,NO,NO,NO,NO,NO,,,,,,,,,,,,NO,,NO,,NO,,64827,Churchill,2016
2016,2,Clark,2621.3,Delta Charter HS,Charter,,,YES,54.3,34.1,,NO,NO,NO,NO,NO,,,,,,,,,,,,NO,,NO,,NO,,64827,Churchill,2016
2016,2,Clark,2623.3,Desert Oasis HS,Regular,,,NO,89.2,58.4,,NO,NO,NO,NO,NO,,,,,,,,,,,,NO,,NO,,NO,,64827,Churchill,2016
2016,2,Clark,2624.3,ECTA HS,Regular,,,YES,,62.9,,NO,NO,NO,NO,NO,,,,,,,,,,,,NO,,NO,,NO,,64827,Churchill,2016
2016,2,Clark,2625.2,NV LRN Academy MS,Regular,,,NO,91.7,,,NO,NO,NO,NO,NO,,,,,,,,,,,,NO,,NO,,NO,,64827,Churchill,2016
2016,2,Clark,2625.3,NV LRN Academy HS,Regular,,,NO,>95,39.4,,NO,NO,NO,NO,NO,,,,,,,,,,,,NO,,NO,,NO,,64827,Churchill,2016
2016,2,Clark,2777.2,CC Detention MS,Correctional,,,NO,,,,NO,NO,NO,NO,NO,,,,,,,,,,,,NO,,NO,,NO,,64827,Churchill,2016
2016,2,Clark,2777.3,CC Detention HS,Correctional,,,NO,44,42.1,,NO,NO,NO,NO,NO,,,,,,,,,,,,NO,,NO,,NO,,64827,Churchill,2016
2016,2,Clark,2908.2,Southwest Behavio MS,Alternative,,,NO,,,,NO,NO,NO,NO,NO,,,,,,,,,,,,NO,,NO,,NO,,64827,Churchill,2016
2016,2,Clark,2908.3,Southwest Behavio HS,Alternative,,,NO,,,,NO,NO,NO,NO,NO,,,,,,,,,,,,NO,,NO,,NO,,64827,Churchill,2016
2016,2,Clark,2910.1,Stewart Sch ES,Special Education,,,NO,5.9,<5,,NO,NO,NO,NO,NO,,,,,,,,,,,,NO,,NO,,NO,,64827,Churchill,2016
2016,2,Clark,2910.2,Stewart Sch MS,Special Education,,,NO,<5,21.7,,NO,NO,NO,NO,NO,,,,,,,,,,,,NO,,NO,,NO,,64827,Churchill,2016
2016,2,Clark,2910.3,Stewart Sch HS,Special Education,,,NO,,,,NO,NO,NO,NO,NO,,,,,,,,,,,,NO,,NO,,NO,,64827,Churchill,2016
2016,2,Clark,2911.2,Variety School E MS,Special Education,,,NO,<5,<5,,NO,NO,NO,NO,NO,,,,,,,,,,,,NO,,NO,,NO,,64827,Churchill,2016
2016,2,Clark,2911.3,Variety School E HS,Special Education,,,NO,7.1,9.5,,NO,NO,NO,NO,NO,,,,,,,,,,,,NO,,NO,,NO,,64827,Churchill,2016
2016,2,Clark,2912.2,Juvenile Court MS,Correctional,,,NO,,,,NO,NO,NO,NO,NO,,,,,,,,,,,,NO,,NO,,NO,,64827,Churchill,2016
2016,2,Clark,2912.3,Juvenile Court HS,Correctional,,,NO,22.9,28.6,,NO,NO,NO,NO,NO,,,,,,,,,,,,NO,,NO,,NO,,64827,Churchill,2016
2016,2,Clark,2913.2,Spring Mtn JSHS MS,Alternative,,,NO,,,,NO,NO,NO,NO,NO,,,,,,,,,,,,NO,,NO,,NO,,64827,Churchill,2016
2016,2,Clark,2913.3,Spring Mtn JSHS HS,Alternative,,,NO,32,20,,NO,NO,NO,NO,NO,,,,,,,,,,,,NO,,NO,,NO,,64827,Churchill,2016
2016,2,Clark,2916.2,Miley Achvmt MS,Special Education,,,NO,10,,,NO,NO,NO,NO,NO,,,,,,,,,,,,NO,,NO,,NO,,64827,Churchill,2016
2016,2,Clark,2916.3,Miley Achvmt HS,Special Education,,,NO,,,,NO,NO,NO,NO,NO,,,,,,,,,,,,NO,,NO,,NO,,64827,Churchill,2016
2016,2,Clark,2917.1,Miley Achvmt ES,Special Education,,,NO,,,,NO,NO,NO,NO,NO,,,,,,,,,,,,NO,,NO,,NO,,64827,Churchill,2016
2016,2,Clark,2918.2,Summit School MS,Special Education,,,NO,,,,NO,NO,NO,NO,NO,,,,,,,,,,,,NO,,NO,,NO,,64827,Churchill,2016
2016,2,Clark,2918.3,Summit School HS,Special Education,,,NO,,,,NO,NO,NO,NO,NO,,,,,,,,,,,,NO,,NO,,NO,,64827,Churchill,2016
2016,2,Clark,2922.3,Burk Horizon SW HS,Alternative,,,YES,,,,NO,NO,NO,NO,NO,,,,,,,,,,,,NO,,NO,,NO,,64827,Churchill,2016
2016,2,Clark,2923.2,Global Community MS,Alternative,,,YES,,,,NO,NO,NO,NO,NO,,,,,,,,,,,,NO,,NO,,NO,,64827,Churchill,2016
2016,2,Clark,2923.3,Global Community HS,Alternative,,,YES,7.2,19.5,,NO,NO,NO,NO,NO,,,,,,,,,,,,NO,,NO,,NO,,64827,Churchill,2016
2016,2,Clark,2924.2,Cowan Sunset SE MS,Alternative,,,NO,,,,NO,NO,NO,NO,NO,,,,,,,,,,,,NO,,NO,,NO,,64827,Churchill,2016
2016,2,Clark,2924.3,Cowan Sunset SE HS,Alternative,,,NO,,,,NO,NO,NO,NO,NO,,,,,,,,,,,,NO,,NO,,NO,,64827,Churchill,2016
2016,2,Clark,2926.1,Desert Willow ES,Special Education,,,NO,,,,NO,NO,NO,NO,NO,,,,,,,,,,,,NO,,NO,,NO,,64827,Churchill,2016
2016,2,Clark,2927.2,Desert Willow MS,Special Education,,,NO,,,,NO,NO,NO,NO,NO,,,,,,,,,,,,NO,,NO,,NO,,64827,Churchill,2016
2016,2,Clark,2927.3,Desert Willow HS,Special Education,,,NO,,,,NO,NO,NO,NO,NO,,,,,,,,,,,,NO,,NO,,NO,,64827,Churchill,2016
2016,2,Clark,2928.2,South Cont JSHS MS,Alternative,,,NO,,,,NO,NO,NO,NO,NO,,,,,,,,,,,,NO,,NO,,NO,,64827,Churchill,2016
2016,2,Clark,2928.3,South Cont JSHS HS,Alternative,,,NO,,,,NO,NO,NO,NO,NO,,,,,,,,,,,,NO,,NO,,NO,,64827,Churchill,2016
2016,2,Clark,2929.2,Washington Cont MS,Alternative,,,NO,,,,NO,NO,NO,NO,NO,,,,,,,,,,,,NO,,NO,,NO,,64827,Churchill,2016
2016,2,Clark,2930.3,Biltmore Cont HS,Alternative,,,NO,,,,NO,NO,NO,NO,NO,,,,,,,,,,,,NO,,NO,,NO,,64827,Churchill,2016
2016,2,Clark,2932.2,Cowan Behavior MS,Alternative,,,NO,,,,NO,NO,NO,NO,NO,,,,,,,,,,,,NO,,NO,,NO,,64827,Churchill,2016
2016,2,Clark,2932.3,Cowan Behavior HS,Alternative,,,NO,,,,NO,NO,NO,NO,NO,,,,,,,,,,,,NO,,NO,,NO,,64827,Churchill,2016
2016,2,Clark,2933.2,Peterson Behavior MS,Alternative,,,NO,,,,NO,NO,NO,NO,NO,,,,,,,,,,,,NO,,NO,,NO,,64827,Churchill,2016
2016,2,Clark,2933.3,Peterson Behavior HS,Alternative,,,NO,,,,NO,NO,NO,NO,NO,,,,,,,,,,,,NO,,NO,,NO,,64827,Churchill,2016
2016,2,Clark,2934.2,Morris Behavior MS,Alternative,,,NO,,,,NO,NO,NO,NO,NO,,,,,,,,,,,,NO,,NO,,NO,,64827,Churchill,2016
2016,2,Clark,2934.3,Morris Behavior HS,Alternative,,,NO,,,,NO,NO,NO,NO,NO,,,,,,,,,,,,NO,,NO,,NO,,64827,Churchill,2016
2016,2,Clark,2935.1,Variety School ES,Special Education,,,NO,16.7,<5,,NO,NO,NO,NO,NO,,,,,,,,,,,,NO,,NO,,NO,,64827,Churchill,2016
2016,2,Clark,2936.1,Child Haven ES,Alternative,,,NO,,,,NO,NO,NO,NO,NO,,,,,,,,,,,,NO,,NO,,NO,,64827,Churchill,2016
2016,2,Clark,2936.2,Child Haven  MS,Alternative,,,NO,,,,NO,NO,NO,NO,NO,,,,,,,,,,,,NO,,NO,,NO,,64827,Churchill,2016
2016,2,Clark,2955.3,Desert Rose HS,Alternative,,,YES,,,,NO,NO,NO,NO,NO,,,,,,,,,,,,NO,,NO,,NO,,64827,Churchill,2016
2016,3,Douglas,3201.1,Gardnerville ES,Regular,,,NO,53.4,41.6,74.7,NO,NO,NO,NO,NO,,,,,,,,,,,,NO,,NO,,NO,,64828,Clark,2016
2016,3,Douglas,3202.1,Zephyr Cove ES,Regular,,,NO,57.0,47.3,76.7,NO,NO,NO,NO,NO,,,,,,,,,,,,NO,,NO,,NO,,64828,Clark,2016
2016,3,Douglas,3205.1,Meneley  ES,Regular,,,YES,51.2,43.9,74.0,NO,NO,NO,NO,NO,,,,,,,,,,,,NO,,NO,,NO,,64828,Clark,2016
2016,3,Douglas,3206.1,Jacks Vly ES,Regular,,,YES,51.9,48.6,58.6,NO,NO,NO,NO,NO,,,,,,,,,,,,NO,,NO,,NO,,64828,Clark,2016
2016,3,Douglas,3207.1,Scarselli ES,Regular,,,YES,55.0,43.3,64.8,NO,NO,NO,NO,NO,,,,,,,,,,,,NO,,NO,,NO,,64828,Clark,2016
2016,3,Douglas,3209.1,Pinon Hills ES,Regular,,,NO,79.8,72.4,81.8,NO,NO,NO,NO,NO,,,,,,,,,,,,NO,,NO,,NO,,64828,Clark,2016
2016,3,Douglas,3210.1,Minden ES,Regular,,,NO,68.6,60.0,80.8,NO,NO,NO,NO,NO,,,,,,,,,,,,NO,,NO,,NO,,64828,Clark,2016
2016,3,Douglas,3301.2,Carson Vly MS,Regular,,,NO,59.1,42.8,72.0,NO,NO,NO,NO,NO,,,,,,,,,,,,NO,,NO,,NO,,64828,Clark,2016
2016,3,Douglas,3302.2,Pau Wa Lu MS,Regular,,,NO,52.6,33.6,77.2,NO,NO,NO,NO,NO,,,,,,,,,,,,NO,,NO,,NO,,64828,Clark,2016
2016,3,Douglas,3501.3,Douglas HS HS,Regular,,,NO,83.4,64.2,,NO,NO,NO,NO,NO,,,,,,,,,,,,NO,,NO,,NO,,64828,Clark,2016
2016,3,Douglas,3502.2,Whittell MS,Regular,,,NO,53.6,43.3,66.7,NO,NO,NO,NO,NO,,,,,,,,,,,,NO,,NO,,NO,,64828,Clark,2016
2016,3,Douglas,3502.3,Whittell HS,Regular,,,NO,84.3,56.6,,NO,NO,NO,NO,NO,,,,,,,,,,,,NO,,NO,,NO,,64828,Clark,2016
2016,3,Douglas,3503.2,Jacobsen MS,Alternative,,,NO,,,,NO,NO,NO,NO,NO,,,,,,,,,,,,NO,,NO,,NO,,64828,Clark,2016
2016,3,Douglas,3503.3,Jacobsen HS,Alternative,,,NO,,,,NO,NO,NO,NO,NO,,,,,,,,,,,,NO,,NO,,NO,,64828,Clark,2016
2016,3,Douglas,3504.3,ASPIRE HS HS,Alternative,,,NO,85.3,42.1,,NO,NO,NO,NO,NO,,,,,,,,,,,,NO,,NO,,NO,,64828,Clark,2016
2016,3,Douglas,3901.2,Douglas ALT MS,Alternative,,,NO,,,,NO,NO,NO,NO,NO,,,,,,,,,,,,NO,,NO,,NO,,64828,Clark,2016
2016,3,Douglas,3901.3,Douglas ALT HS,Alternative,,,NO,,,,NO,NO,NO,NO,NO,,,,,,,,,,,,NO,,NO,,NO,,64828,Clark,2016
2016,4,Elko,4104.1,Independence Vly ES,Regular,,,NO,,,,NO,NO,NO,NO,NO,,,,,,,,,,,,NO,,NO,,NO,,64829,Douglas,2016
2016,4,Elko,4104.2,Independence Vly MS,Regular,,,NO,,,,NO,NO,NO,NO,NO,,,,,,,,,,,,NO,,NO,,NO,,64829,Douglas,2016
2016,4,Elko,4105.1,Jackpot ES,Regular,,,NO,40.5,31,38.5,NO,NO,NO,NO,NO,,,,,,,,,,,,NO,,NO,,NO,,64829,Douglas,2016
2016,4,Elko,4108.1,Mound Vly ES,Regular,,,NO,,,,NO,NO,NO,NO,NO,,,,,,,,,,,,NO,,NO,,NO,,64829,Douglas,2016
2016,4,Elko,4108.2,Mound Vly MS,Regular,,,NO,,,,NO,NO,NO,NO,NO,,,,,,,,,,,,NO,,NO,,NO,,64829,Douglas,2016
2016,4,Elko,4111.1,Ruby Vly ES,Regular,,,NO,,,,NO,NO,NO,NO,NO,,,,,,,,,,,,NO,,NO,,NO,,64829,Douglas,2016
2016,4,Elko,4111.2,Ruby Vly MS,Regular,,,NO,,,,NO,NO,NO,NO,NO,,,,,,,,,,,,NO,,NO,,NO,,64829,Douglas,2016
2016,4,Elko,4202.1,Elko Grammar #2 ES,Regular,,,NO,57.5,52,,NO,NO,NO,NO,NO,,,,,,,,,,,,NO,,NO,,NO,,64829,Douglas,2016
2016,4,Elko,4203.1,Northside ES,Regular,,,YES,46.4,45,,NO,NO,NO,NO,NO,,,,,,,,,,,,NO,,NO,,NO,,64829,Douglas,2016
2016,4,Elko,4204.1,Southside ES,Regular,,,YES,30.5,22.5,,NO,NO,NO,NO,NO,,,,,,,,,,,,NO,,NO,,NO,,64829,Douglas,2016
2016,4,Elko,4205.1,Carlin ES,Regular,,,NO,50.5,32.6,55.9,NO,NO,NO,NO,NO,,,,,,,,,,,,NO,,NO,,NO,,64829,Douglas,2016
2016,4,Elko,4206.1,Owyhee ES,Regular,,,NO,19.2,<5,33.3,NO,NO,NO,NO,NO,,,,,,,,,,,,NO,,NO,,NO,,64829,Douglas,2016
2016,4,Elko,4207.1,Wells ES,Regular,,,YES,43.7,32.4,57.1,NO,NO,NO,NO,NO,,,,,,,,,,,,NO,,NO,,NO,,64829,Douglas,2016
2016,4,Elko,4208.1,West Wendover ES ES,Regular,,,YES,13.4,11.9,27.5,NO,NO,NO,NO,NO,,,,,,,,,,,,NO,,NO,,NO,,64829,Douglas,2016
2016,4,Elko,4209.1,Mountain View ES,Regular,,,NO,53.4,47.6,,NO,NO,NO,NO,NO,,,,,,,,,,,,NO,,NO,,NO,,64829,Douglas,2016
2016,4,Elko,4210.1,Spring Creek ES,Regular,,,NO,51.6,42.5,79.1,NO,NO,NO,NO,NO,,,,,,,,,,,,NO,,NO,,NO,,64829,Douglas,2016
2016,4,Elko,4211.1,Sage ES,Regular,,,NO,63.4,51.9,89.5,NO,NO,NO,NO,NO,,,,,,,,,,,,NO,,NO,,NO,,64829,Douglas,2016
2016,4,Elko,4213.1,Flagview Int Sch ES,Regular,,,YES,41.7,36.8,63.9,NO,NO,NO,NO,NO,,,,,,,,,,,,NO,,NO,,NO,,64829,Douglas,2016
2016,4,Elko,4501.2,Carlin MS,Regular,,,NO,40.0,16.7,50.0,NO,NO,NO,NO,NO,,,,,,,,,,,,NO,,NO,,NO,,64829,Douglas,2016
2016,4,Elko,4502.2,Wells MS MS,Regular,,,NO,54.3,26.1,52.4,NO,NO,NO,NO,NO,,,,,,,,,,,,NO,,NO,,NO,,64829,Douglas,2016
2016,4,Elko,4503.2,Adobe MS,Regular,,,NO,53.5,27.4,69.1,NO,NO,NO,NO,NO,,,,,,,,,,,,NO,,NO,,NO,,64829,Douglas,2016
2016,4,Elko,4504.2,Spring Creek MS,Regular,,,NO,47.6,23.7,55.1,NO,NO,NO,NO,NO,,,,,,,,,,,,NO,,NO,,NO,,64829,Douglas,2016
2016,4,Elko,4505.2,Jackpot MS,Regular,,,NO,30.4,30.4,28.6,NO,NO,NO,NO,NO,,,,,,,,,,,,NO,,NO,,NO,,64829,Douglas,2016
2016,4,Elko,4506.2,Owyhee MS,Regular,,,NO,16.1,9.4,20.0,NO,NO,NO,NO,NO,,,,,,,,,,,,NO,,NO,,NO,,64829,Douglas,2016
2016,4,Elko,4507.2,West Wendover MS MS,Regular,,,NO,23.8,10.5,36.7,NO,NO,NO,NO,NO,,,,,,,,,,,,NO,,NO,,NO,,64829,Douglas,2016
2016,4,Elko,4601.3,Carlin HS,Regular,,,NO,81.8,51.1,,NO,NO,NO,NO,NO,,,,,,,,,,,,NO,,NO,,NO,,64829,Douglas,2016
2016,4,Elko,4602.3,Wells HS HS,Regular,,,NO,82.1,43.9,,NO,NO,NO,NO,NO,,,,,,,,,,,,NO,,NO,,NO,,64829,Douglas,2016
2016,4,Elko,4603.3,Elko HS HS,Regular,,,NO,75.8,51.7,,NO,NO,NO,NO,NO,,,,,,,,,,,,NO,,NO,,NO,,64829,Douglas,2016
2016,4,Elko,4604.3,Owyhee HS,Regular,,,YES,,,,NO,NO,NO,NO,NO,,,,,,,,,,,,NO,,NO,,NO,,64829,Douglas,2016
2016,4,Elko,4605.3,Jackpot HS,Regular,,,YES,61.1,32,,NO,NO,NO,NO,NO,,,,,,,,,,,,NO,,NO,,NO,,64829,Douglas,2016
2016,4,Elko,4606.3,Spring Creek HS,Regular,,,NO,49.5,57.9,,NO,NO,NO,NO,NO,,,,,,,,,,,,NO,,NO,,NO,,64829,Douglas,2016
2016,4,Elko,4607.3,West Wendover HS HS,Regular,,,YES,71.4,51.9,,NO,NO,NO,NO,NO,,,,,,,,,,,,NO,,NO,,NO,,64829,Douglas,2016
2016,4,Elko,4610.1,NNVVirtual ES,Regular,,,NO,,,,NO,NO,NO,NO,NO,,,,,,,,,,,,NO,,NO,,NO,,64829,Douglas,2016
2016,4,Elko,4610.2,NNVVirtual MS,Regular,,,NO,46.2,30.8,,NO,NO,NO,NO,NO,,,,,,,,,,,,NO,,NO,,NO,,64829,Douglas,2016
2016,4,Elko,4610.3,NNVVirtual HS,Regular,,,NO,63.2,25,,NO,NO,NO,NO,NO,,,,,,,,,,,,NO,,NO,,NO,,64829,Douglas,2016
2016,5,Esmeralda,5101.1,Dyer  ES,Regular,,,YES,46.2,53.8,,NO,NO,NO,NO,NO,,,,,,,,,,,,NO,,NO,,NO,,64830,Elko,2016
2016,5,Esmeralda,5101.2,Dyer  MS,Regular,,,YES,,,,NO,NO,NO,NO,NO,,,,,,,,,,,,NO,,NO,,NO,,64830,Elko,2016
2016,5,Esmeralda,5102.1,Goldfield ES,Regular,,,YES,10.0,20.0,,NO,NO,NO,NO,NO,,,,,,,,,,,,NO,,NO,,NO,,64830,Elko,2016
2016,5,Esmeralda,5102.2,Goldfield MS,Regular,,,YES,,,,NO,NO,NO,NO,NO,,,,,,,,,,,,NO,,NO,,NO,,64830,Elko,2016
2016,5,Esmeralda,5103.1,Silver Peak ES,Regular,,,NO,,,,NO,NO,NO,NO,NO,,,,,,,,,,,,NO,,NO,,NO,,64830,Elko,2016
2016,5,Esmeralda,5103.2,Silver Peak MS,Regular,,,NO,,,,NO,NO,NO,NO,NO,,,,,,,,,,,,NO,,NO,,NO,,64830,Elko,2016
2016,6,Eureka,6101.1,Crescent Vly ES,Regular,,,NO,37.5,18.8,,NO,NO,NO,NO,NO,,,,,,,,,,,,NO,,NO,,NO,,64831,Esmeralda,2016
2016,6,Eureka,6103.1,Eureka ES,Regular,,,NO,63.4,50.7,85.7,NO,NO,NO,NO,NO,,,,,,,,,,,,NO,,NO,,NO,,64831,Esmeralda,2016
2016,6,Eureka,6601.2,Eureka Co MS,Regular,,,NO,56.5,36.8,70.0,NO,NO,NO,NO,NO,,,,,,,,,,,,NO,,NO,,NO,,64831,Esmeralda,2016
2016,6,Eureka,6601.3,Eureka Co HS,Regular,,,NO,>95,76.9,,NO,NO,NO,NO,NO,,,,,,,,,,,,NO,,NO,,NO,,64831,Esmeralda,2016
2016,6,Eureka,6602.1,Eureka Online ES,Regular,,,NO,,,,NO,NO,NO,NO,NO,,,,,,,,,,,,NO,,NO,,NO,,64831,Esmeralda,2016
2016,6,Eureka,6602.2,Eureka Online MS,Regular,,,NO,,,,NO,NO,NO,NO,NO,,,,,,,,,,,,NO,,NO,,NO,,64831,Esmeralda,2016
2016,6,Eureka,6602.3,Eureka Online HS,Regular,,,NO,,,,NO,NO,NO,NO,NO,,,,,,,,,,,,NO,,NO,,NO,,64831,Esmeralda,2016
2016,7,Humboldt,7101.1,Denio ES,Regular,,,YES,,,,NO,NO,NO,NO,NO,,,,,,,,,,,,NO,,NO,,NO,,64832,Eureka,2016
2016,7,Humboldt,7101.2,Denio MS,Regular,,,YES,,,,NO,NO,NO,NO,NO,,,,,,,,,,,,NO,,NO,,NO,,64832,Eureka,2016
2016,7,Humboldt,7103.1,Kings River ES,Regular,,,YES,,,,NO,NO,NO,NO,NO,,,,,,,,,,,,NO,,NO,,NO,,64832,Eureka,2016
2016,7,Humboldt,7103.2,Kings River MS,Regular,,,YES,,,,NO,NO,NO,NO,NO,,,,,,,,,,,,NO,,NO,,NO,,64832,Eureka,2016
2016,7,Humboldt,7104.1,Orovada ES,Regular,,,YES,46.7,13.3,,NO,NO,NO,NO,NO,,,,,,,,,,,,NO,,NO,,NO,,64832,Eureka,2016
2016,7,Humboldt,7104.2,Orovada MS,Regular,,,YES,,,,NO,NO,NO,NO,NO,,,,,,,,,,,,NO,,NO,,NO,,64832,Eureka,2016
2016,7,Humboldt,7105.1,Paradise Vly ES,Regular,,,NO,22.2,22.2,,NO,NO,NO,NO,NO,,,,,,,,,,,,NO,,NO,,NO,,64832,Eureka,2016
2016,7,Humboldt,7105.2,Paradise Vly MS,Regular,,,NO,,,,NO,NO,NO,NO,NO,,,,,,,,,,,,NO,,NO,,NO,,64832,Eureka,2016
2016,7,Humboldt,7201.1,Sonoma Heights ES,Regular,,,YES,38.5,36.8,,NO,NO,NO,NO,NO,,,,,,,,,,,,NO,,NO,,NO,,64832,Eureka,2016
2016,7,Humboldt,7202.1,Winnemucca ES,Regular,,,YES,60.3,54.3,,NO,NO,NO,NO,NO,,,,,,,,,,,,NO,,NO,,NO,,64832,Eureka,2016
2016,7,Humboldt,7203.1,McDermitt ES,Regular,,,YES,12.5,<5,,NO,NO,NO,NO,NO,,,,,,,,,,,,NO,,NO,,NO,,64832,Eureka,2016
2016,7,Humboldt,7205.1,Grass Vly ES,Regular,,,NO,43.2,39.9,,NO,NO,NO,NO,NO,,,,,,,,,,,,NO,,NO,,NO,,64832,Eureka,2016
2016,7,Humboldt,7206.1,French Ford ES,Regular,,,NO,40.4,30.3,51.2,NO,NO,NO,NO,NO,,,,,,,,,,,,NO,,NO,,NO,,64832,Eureka,2016
2016,7,Humboldt,7301.2,Winnemucca MS,Regular,,,NO,38.2,21.1,53.6,NO,NO,NO,NO,NO,,,,,,,,,,,,NO,,NO,,NO,,64832,Eureka,2016
2016,7,Humboldt,7302.2,McDermitt MS,Regular,,,NO,9.5,<5,,NO,NO,NO,NO,NO,,,,,,,,,,,,NO,,NO,,NO,,64832,Eureka,2016
2016,7,Humboldt,7501.3,Lowry HS,Regular,,,NO,68.0,53.3,,NO,NO,NO,NO,NO,,,,,,,,,,,,NO,,NO,,NO,,64832,Eureka,2016
2016,7,Humboldt,7601.3,McDermitt HS,Regular,,,NO,65.0,25.8,,NO,NO,NO,NO,NO,,,,,,,,,,,,NO,,NO,,NO,,64832,Eureka,2016
2016,7,Humboldt,7901.2,Leighton Hall MS,Alternative,,,NO,,,,NO,NO,NO,NO,NO,,,,,,,,,,,,NO,,NO,,NO,,64832,Eureka,2016
2016,7,Humboldt,7901.3,Leighton Hall HS,Alternative,,,NO,,,,NO,NO,NO,NO,NO,,,,,,,,,,,,NO,,NO,,NO,,64832,Eureka,2016
2016,8,Lander,8201.1,Battle Mtn ES,Regular,,,YES,46.7,41.7,71.2,NO,NO,NO,NO,NO,,,,,,,,,,,,NO,,NO,,NO,,64833,Humboldt,2016
2016,8,Lander,8302.2,Lemaire Jr High,Regular,,,NO,42.3,27.0,58.1,NO,NO,NO,NO,NO,,,,,,,,,,,,NO,,NO,,NO,,64833,Humboldt,2016
2016,8,Lander,8601.3,Battle Mtn HS,Regular,,,NO,85.4,42.9,,NO,NO,NO,NO,NO,,,,,,,,,,,,NO,,NO,,NO,,64833,Humboldt,2016
2016,8,Lander,8602.1,Austin School ES,Regular,,,NO,30.0,30.0,,NO,NO,NO,NO,NO,,,,,,,,,,,,NO,,NO,,NO,,64833,Humboldt,2016
2016,8,Lander,8602.2,Austin School MS,Regular,,,NO,,,,NO,NO,NO,NO,NO,,,,,,,,,,,,NO,,NO,,NO,,64833,Humboldt,2016
2016,8,Lander,8602.3,Austin School HS,Regular,,,NO,,,,NO,NO,NO,NO,NO,,,,,,,,,,,,NO,,NO,,NO,,64833,Humboldt,2016
2016,9,Lincoln,9102.1,Pahranagat Vly ES,Regular,,,NO,46.8,38.3,61.5,NO,NO,NO,NO,NO,,,,,,,,,,,,NO,,NO,,NO,,64834,Lander,2016
2016,9,Lincoln,9201.1,Caliente ES,Regular,,,YES,43.3,42.6,57.1,NO,NO,NO,NO,NO,,,,,,,,,,,,NO,,NO,,NO,,64834,Lander,2016
2016,9,Lincoln,9202.1,Panaca ES,Regular,,,YES,47.5,54.1,58.3,NO,NO,NO,NO,NO,,,,,,,,,,,,NO,,NO,,NO,,64834,Lander,2016
2016,9,Lincoln,9203.1,Pioche ES,Regular,,,NO,23.9,26.1,69.2,NO,NO,NO,NO,NO,,,,,,,,,,,,NO,,NO,,NO,,64834,Lander,2016
2016,9,Lincoln,9301.2,Meadow Vly MS,Regular,,,NO,35.6,24.7,64.1,NO,NO,NO,NO,NO,,,,,,,,,,,,NO,,NO,,NO,,64834,Lander,2016
2016,9,Lincoln,9302.2,Pahranagat Vly MS,Regular,,,NO,39.1,36.2,57.1,NO,NO,NO,NO,NO,,,,,,,,,,,,NO,,NO,,NO,,64834,Lander,2016
2016,9,Lincoln,9501.3,Lincoln Co HS,Regular,,,NO,75,41.7,,NO,NO,NO,NO,NO,,,,,,,,,,,,NO,,NO,,NO,,64834,Lander,2016
2016,9,Lincoln,9601.3,Pahranagat Vly HS,Regular,,,NO,79.5,64.3,,NO,NO,NO,NO,NO,,,,,,,,,,,,NO,,NO,,NO,,64834,Lander,2016
2016,9,Lincoln,9602.2,C O  Bastian MS,Alternative,,,NO,<5,<5,,NO,NO,NO,NO,NO,,,,,,,,,,,,NO,,NO,,NO,,64834,Lander,2016
2016,9,Lincoln,9602.3,C O  Bastian HS,Alternative,,,NO,17.4,21.7,,NO,NO,NO,NO,NO,,,,,,,,,,,,NO,,NO,,NO,,64834,Lander,2016
2016,9,Lincoln,9902.3,Lincoln Co Alt HS,Alternative,,,NO,,,,NO,NO,NO,NO,NO,,,,,,,,,,,,NO,,NO,,NO,,64834,Lander,2016
2016,10,Lyon,10201.1,Dayton  ES,Regular,,,YES,53.8,38.9,62.3,NO,NO,NO,NO,NO,,,,,,,,,,,,NO,,NO,,NO,,64835,Lincoln,2016
2016,10,Lyon,10202.1,Yerington  ES,Regular,,,YES,38.5,34.6,,NO,NO,NO,NO,NO,,,,,,,,,,,,NO,,NO,,NO,,64835,Lincoln,2016
2016,10,Lyon,10203.1,Fernley  ES,Regular,,,YES,51.1,46.1,,NO,NO,NO,NO,NO,,,,,,,,,,,,NO,,NO,,NO,,64835,Lincoln,2016
2016,10,Lyon,10205.1,Silver Stage ES,Regular,,,YES,40.0,35.6,55.4,NO,NO,NO,NO,NO,,,,,,,,,,,,NO,,NO,,NO,,64835,Lincoln,2016
2016,10,Lyon,10205.2,SilverSprings  MS,Regular,,,YES,37.0,32.7,70.6,NO,NO,NO,NO,NO,,,,,,,,,,,,NO,,NO,,NO,,64835,Lincoln,2016
2016,10,Lyon,10206.1,East Valley  ES,Regular,,,YES,58.5,61.9,,NO,NO,NO,NO,NO,,,,,,,,,,,,NO,,NO,,NO,,64835,Lincoln,2016
2016,10,Lyon,10208.2,Dayton  MS,Regular,,,NO,47.4,35.4,66.9,NO,NO,NO,NO,NO,,,,,,,,,,,,NO,,NO,,NO,,64835,Lincoln,2016
2016,10,Lyon,10209.1,Cottonwood  ES,Regular,,,YES,49.0,35.7,,NO,NO,NO,NO,NO,,,,,,,,,,,,NO,,NO,,NO,,64835,Lincoln,2016
2016,10,Lyon,10210.1,Sutro  ES,Regular,,,YES,47.5,35.6,61.9,NO,NO,NO,NO,NO,,,,,,,,,,,,NO,,NO,,NO,,64835,Lincoln,2016
2016,10,Lyon,10211.1,Riverview  ES,Regular,,,YES,47.2,43.0,78.3,NO,NO,NO,NO,NO,,,,,,,,,,,,NO,,NO,,NO,,64835,Lincoln,2016
2016,10,Lyon,10302.2,Yerington MS,Regular,,,NO,40.2,32.4,62.8,NO,NO,NO,NO,NO,,,,,,,,,,,,NO,,NO,,NO,,64835,Lincoln,2016
2016,10,Lyon,10303.1,Fernley  ES,Regular,,,NO,54.2,51.9,70.4,NO,NO,NO,NO,NO,,,,,,,,,,,,NO,,NO,,NO,,64835,Lincoln,2016
2016,10,Lyon,10305.2,Silverland  MS,Regular,,,NO,53.3,34.9,63.2,NO,NO,NO,NO,NO,,,,,,,,,,,,NO,,NO,,NO,,64835,Lincoln,2016
2016,10,Lyon,10601.3,Fernley  HS,Regular,,,NO,76.5,52.0,,NO,NO,NO,NO,NO,,,,,,,,,,,,NO,,NO,,NO,,64835,Lincoln,2016
2016,10,Lyon,10602.1,Smith Valley Sch ES,Regular,,,NO,68.3,46.3,78.6,NO,NO,NO,NO,NO,,,,,,,,,,,,NO,,NO,,NO,,64835,Lincoln,2016
2016,10,Lyon,10602.2,Smith Valley Sch MS,Regular,,,NO,50.0,40.4,66.7,NO,NO,NO,NO,NO,,,,,,,,,,,,NO,,NO,,NO,,64835,Lincoln,2016
2016,10,Lyon,10602.3,Smith Valley Sch HS,Regular,,,NO,55.0,64.1,,NO,NO,NO,NO,NO,,,,,,,,,,,,NO,,NO,,NO,,64835,Lincoln,2016
2016,10,Lyon,10603.3,Yerington  HS,Regular,,,NO,79.2,43.3,,NO,NO,NO,NO,NO,,,,,,,,,,,,NO,,NO,,NO,,64835,Lincoln,2016
2016,10,Lyon,10604.3,Dayton  HS,Regular,,,NO,81.6,59.2,,NO,NO,NO,NO,NO,,,,,,,,,,,,NO,,NO,,NO,,64835,Lincoln,2016
2016,10,Lyon,10605.3,Silver Stage  HS,Regular,,,NO,91.5,41.8,,NO,NO,NO,NO,NO,,,,,,,,,,,,NO,,NO,,NO,,64835,Lincoln,2016
2016,10,Lyon,10902.2,Western NV Yth Ct MS,Alternative,,,NO,,,,NO,NO,NO,NO,NO,,,,,,,,,,,,NO,,NO,,NO,,64835,Lincoln,2016
2016,10,Lyon,10902.3,Western NV Yth Ct HS,Alternative,,,NO,,,,NO,NO,NO,NO,NO,,,,,,,,,,,,NO,,NO,,NO,,64835,Lincoln,2016
2016,11,Mineral,11201.1,Hawthorne E.S. ES,Regular,,,NO,31.3,19.6,56.7,NO,NO,NO,NO,NO,,,,,,,,,,,,NO,,NO,,NO,,64836,Lyon,2016
2016,11,Mineral,11202.1,Schurz ES,Regular,,,NO,9.5,<5,,NO,NO,NO,NO,NO,,,,,,,,,,,,NO,,NO,,NO,,64836,Lyon,2016
2016,11,Mineral,11202.2,Schurz MS,Regular,,,NO,<5,<5,,NO,NO,NO,NO,NO,,,,,,,,,,,,NO,,NO,,NO,,64836,Lyon,2016
2016,11,Mineral,11203.2,Hawthorne JHS MS,Regular,,,NO,17.7,7.3,53.6,NO,NO,NO,NO,NO,,,,,,,,,,,,NO,,NO,,NO,,64836,Lyon,2016
2016,11,Mineral,11601.3,Mineral Co HS,Regular,,,NO,73.3,46.8,,NO,NO,NO,NO,NO,,,,,,,,,,,,NO,,NO,,NO,,64836,Lyon,2016
2016,11,Mineral,11901.2,Mineral Alt MS,Alternative,,,NO,,,,NO,NO,NO,NO,NO,,,,,,,,,,,,NO,,NO,,NO,,64836,Lyon,2016
2016,11,Mineral,11901.3,Mineral Alt HS,Alternative,,,NO,,,,NO,NO,NO,NO,NO,,,,,,,,,,,,NO,,NO,,NO,,64836,Lyon,2016
2016,12,Nye,12101.1,Duckwater ES,Regular,,,NO,,,,NO,NO,NO,NO,NO,,,,,,,,,,,,NO,,NO,,NO,,64837,Mineral,2016
2016,12,Nye,12102.1,Manse ES,Regular,,,YES,42.1,45.9,57.1,NO,NO,NO,NO,NO,,,,,,,,,,,,NO,,NO,,NO,,64837,Mineral,2016
2016,12,Nye,12103.1,Round Mtn ES,Regular,,,NO,19.6,17.9,50.0,NO,NO,NO,NO,NO,,,,,,,,,,,,NO,,NO,,NO,,64837,Mineral,2016
2016,12,Nye,12105.1,Gabbs ES,Regular,,,YES,,,,NO,NO,NO,NO,NO,,,,,,,,,,,,NO,,NO,,NO,,64837,Mineral,2016
2016,12,Nye,12106.1,Amargosa Vly ES,Regular,,,YES,29.5,38.6,33.3,NO,NO,NO,NO,NO,,,,,,,,,,,,NO,,NO,,NO,,64837,Mineral,2016
2016,12,Nye,12108.1,Johnson ES,Regular,,,YES,34.8,21.9,50.0,NO,NO,NO,NO,NO,,,,,,,,,,,,NO,,NO,,NO,,64837,Mineral,2016
2016,12,Nye,12201.1,Beatty ES,Regular,,,YES,32.0,20.0,54.5,NO,NO,NO,NO,NO,,,,,,,,,,,,NO,,NO,,NO,,64837,Mineral,2016
2016,12,Nye,12202.1,Tonopah ES,Regular,,,NO,30.5,25.6,39.3,NO,NO,NO,NO,NO,,,,,,,,,,,,NO,,NO,,NO,,64837,Mineral,2016
2016,12,Nye,12207.1,Hafen ES,Regular,,,YES,36.7,36.9,60.0,NO,NO,NO,NO,NO,,,,,,,,,,,,NO,,NO,,NO,,64837,Mineral,2016
2016,12,Nye,12210.1,Floyd ES,Regular,,,YES,40.5,41.1,63.2,NO,NO,NO,NO,NO,,,,,,,,,,,,NO,,NO,,NO,,64837,Mineral,2016
2016,12,Nye,12301.2,Clarke MS,Regular,,,YES,37.2,23.1,57.5,NO,NO,NO,NO,NO,,,,,,,,,,,,NO,,NO,,NO,,64837,Mineral,2016
2016,12,Nye,12311.2,Beatty MS,Regular,,,YES,16.0,20.0,,NO,NO,NO,NO,NO,,,,,,,,,,,,NO,,NO,,NO,,64837,Mineral,2016
2016,12,Nye,12312.2,Tonopah MS,Regular,,,NO,33.8,20.0,60.0,NO,NO,NO,NO,NO,,,,,,,,,,,,NO,,NO,,NO,,64837,Mineral,2016
2016,12,Nye,12313.2,Round Mtn MS,Regular,,,NO,37.0,20.4,54.5,NO,NO,NO,NO,NO,,,,,,,,,,,,NO,,NO,,NO,,64837,Mineral,2016
2016,12,Nye,12315.2,Gabbs MS,Regular,,,YES,30.0,30.0,,NO,NO,NO,NO,NO,,,,,,,,,,,,NO,,NO,,NO,,64837,Mineral,2016
2016,12,Nye,12316.2,Amargosa Vly MS,Regular,,,YES,26.0,14.0,60.0,NO,NO,NO,NO,NO,,,,,,,,,,,,NO,,NO,,NO,,64837,Mineral,2016
2016,12,Nye,12317.2,Duckwater MS,Regular,,,NO,,,,NO,NO,NO,NO,NO,,,,,,,,,,,,NO,,NO,,NO,,64837,Mineral,2016
2016,12,Nye,12601.3,Beatty HS,Regular,,,YES,84.0,49.0,,NO,NO,NO,NO,NO,,,,,,,,,,,,NO,,NO,,NO,,64837,Mineral,2016
2016,12,Nye,12602.3,Gabbs HS,Regular,,,YES,,,,NO,NO,NO,NO,NO,,,,,,,,,,,,NO,,NO,,NO,,64837,Mineral,2016
2016,12,Nye,12603.3,Tonopah HS,Regular,,,NO,78.0,45.6,,NO,NO,NO,NO,NO,,,,,,,,,,,,NO,,NO,,NO,,64837,Mineral,2016
2016,12,Nye,12604.3,Pahrump Vly HS,Regular,,,NO,74.0,47.0,,NO,NO,NO,NO,NO,,,,,,,,,,,,NO,,NO,,NO,,64837,Mineral,2016
2016,12,Nye,12605.3,Round Mtn HS,Regular,,,NO,72.7,51.7,,NO,NO,NO,NO,NO,,,,,,,,,,,,NO,,NO,,NO,,64837,Mineral,2016
2016,12,Nye,12606.3,Pathways HS HS,Alternative,,,NO,54.3,39.3,,NO,NO,NO,NO,NO,,,,,,,,,,,,NO,,NO,,NO,,64837,Mineral,2016
2016,12,Nye,12607.2,Pathways MS MS,Alternative,,,NO,,,,NO,NO,NO,NO,NO,,,,,,,,,,,,NO,,NO,,NO,,64837,Mineral,2016
2016,12,Nye,12609.1,Pathways Elem ES,Alternative,,,NO,,,,NO,NO,NO,NO,NO,,,,,,,,,,,,NO,,NO,,NO,,64837,Mineral,2016
2016,13,Carson City,13201.1,Bordewich Bray ES,Regular,,,YES,58.6,46.1,68.7,NO,NO,NO,NO,NO,,,,,,,,,,,,NO,,NO,,NO,,64838,Nye,2016
2016,13,Carson City,13203.1,Fritsch ES,Regular,,,NO,59.6,34.9,67.3,NO,NO,NO,NO,NO,,,,,,,,,,,,NO,,NO,,NO,,64838,Nye,2016
2016,13,Carson City,13204.1,Fremont ES,Regular,,,YES,45.3,26.6,64.2,NO,NO,NO,NO,NO,,,,,,,,,,,,NO,,NO,,NO,,64838,Nye,2016
2016,13,Carson City,13207.1,Seeliger ES,Regular,,,NO,49.0,30.1,59.7,NO,NO,NO,NO,NO,,,,,,,,,,,,NO,,NO,,NO,,64838,Nye,2016
2016,13,Carson City,13209.1,Empire ES,Regular,,,YES,37.1,33.5,40.7,NO,NO,NO,NO,NO,,,,,,,,,,,,NO,,NO,,NO,,64838,Nye,2016
2016,13,Carson City,13211.1,Mark Twain ES,Regular,,,YES,43.2,28.6,50.5,NO,NO,NO,NO,NO,,,,,,,,,,,,NO,,NO,,NO,,64838,Nye,2016
2016,13,Carson City,13212.1,Carson Montessori ES,Charter,,,NO,,,75.8,NO,NO,NO,NO,NO,,,,,,,,,,,,NO,,NO,,NO,,64838,Nye,2016
2016,13,Carson City,13301.2,Carson MS,Regular,,,NO,49.6,22.9,65.8,NO,NO,NO,NO,NO,,,,,,,,,,,,NO,,NO,,NO,,64838,Nye,2016
2016,13,Carson City,13302.2,Eagle Vly MS,Regular,,,NO,47.8,24.8,55.8,NO,NO,NO,NO,NO,,,,,,,,,,,,NO,,NO,,NO,,64838,Nye,2016
2016,13,Carson City,13501.3,Carson HS,Regular,,,NO,74.7,48.4,,NO,NO,NO,NO,NO,,,,,,,,,,,,NO,,NO,,NO,,64838,Nye,2016
2016,13,Carson City,13903.3,Pioneer HS,Alternative,,,NO,80.0,38.2,,NO,NO,NO,NO,NO,,,,,,,,,,,,NO,,NO,,NO,,64838,Nye,2016
2016,14,Pershing,14101.1,Imlay ES,Regular,,,NO,,,,NO,NO,NO,NO,NO,,,,,,,,,,,,NO,,NO,,NO,,64839,Pershing,2016
2016,14,Pershing,14201.1,Lovelock ES,Regular,,,YES,35.2,24.2,64.1,NO,NO,NO,NO,NO,,,,,,,,,,,,NO,,NO,,NO,,64839,Pershing,2016
2016,14,Pershing,14301.2,Pershing MS,Regular,,,YES,31.2,16.7,40.8,NO,NO,NO,NO,NO,,,,,,,,,,,,NO,,NO,,NO,,64839,Pershing,2016
2016,14,Pershing,14601.3,Pershing HS,Regular,,,NO,67.8,52.7,,NO,NO,NO,NO,NO,,,,,,,,,,,,NO,,NO,,NO,,64839,Pershing,2016
2016,14,Pershing,14991.1,Coal Canyon ES,Correctional,,,NO,,,,NO,NO,NO,NO,NO,,,,,,,,,,,,NO,,NO,,NO,,64839,Pershing,2016
2016,14,Pershing,14991.2,Coal Canyon MS,Correctional,,,NO,,,,NO,NO,NO,NO,NO,,,,,,,,,,,,NO,,NO,,NO,,64839,Pershing,2016
2016,14,Pershing,14991.3,Coal Canyon HS,Correctional,,,NO,,,,NO,NO,NO,NO,NO,,,,,,,,,,,,NO,,NO,,NO,,64839,Pershing,2016
2016,15,Storey,15101.1,Gallagher ES,Regular,,,NO,54.4,55.7,64.3,NO,NO,NO,NO,NO,,,,,,,,,,,,NO,,NO,,NO,,64840,Storey,2016
2016,15,Storey,15102.1,Hillside ES,Regular,,,YES,63.6,59.1,,NO,NO,NO,NO,NO,,,,,,,,,,,,NO,,NO,,NO,,64840,Storey,2016
2016,15,Storey,15301.2,Virginia City MS,Regular,,,NO,67.1,56.5,76.2,NO,NO,NO,NO,NO,,,,,,,,,,,,NO,,NO,,NO,,64840,Storey,2016
2016,15,Storey,15601.3,Virginia City HS,Regular,,,NO,91.3,46.3,,NO,NO,NO,NO,NO,,,,,,,,,,,,NO,,NO,,NO,,64840,Storey,2016
2016,16,Washoe,16201.1,Anderson ES,Regular,,,YES,34.2,29.2,56.3,NO,NO,NO,NO,NO,,,,,,,,,,,,NO,,NO,,NO,,64841,Washoe,2016
2016,16,Washoe,16202.1,Loder ES,Regular,,,YES,25.9,25.9,23.2,NO,NO,NO,NO,NO,,,,,,,,,,,,NO,,NO,,NO,,64841,Washoe,2016
2016,16,Washoe,16203.1,Elmcrest ES,Regular,,,YES,38,39.7,61.4,NO,NO,NO,NO,NO,,,,,,,,,,,,NO,,NO,,NO,,64841,Washoe,2016
2016,16,Washoe,16204.1,Duncan ES,Regular,,,YES,18.7,22.1,35.9,NO,NO,NO,NO,NO,,,,,,,,,,,,NO,,NO,,NO,,64841,Washoe,2016
2016,16,Washoe,16205.1,Warner ES,Regular,,,YES,41.9,32.5,51.7,NO,NO,NO,NO,NO,,,,,,,,,,,,NO,,NO,,NO,,64841,Washoe,2016
2016,16,Washoe,16206.1,Hunter Lake ES,Regular,,,NO,69.7,58.8,93.2,NO,NO,NO,NO,NO,,,,,,,,,,,,NO,,NO,,NO,,64841,Washoe,2016
2016,16,Washoe,16207.1,Beck ES,Regular,,,NO,72.6,62.9,91.1,NO,NO,NO,NO,NO,,,,,,,,,,,,NO,,NO,,NO,,64841,Washoe,2016
2016,16,Washoe,16208.1,Booth ES,Regular,,,YES,33,29.8,33.3,NO,NO,NO,NO,NO,,,,,,,,,,,,NO,,NO,,NO,,64841,Washoe,2016
2016,16,Washoe,16209.1,Towles ES,Regular,,,NO,64.9,56,75.5,NO,NO,NO,NO,NO,,,,,,,,,,,,NO,,NO,,NO,,64841,Washoe,2016
2016,16,Washoe,16210.1,Melton ES,Regular,,,NO,72.2,58.2,79.0,NO,NO,NO,NO,NO,,,,,,,,,,,,NO,,NO,,NO,,64841,Washoe,2016
2016,16,Washoe,16211.1,Mount Rose ES,Regular,,,NO,59.4,47.5,57.7,NO,NO,NO,NO,NO,,,,,,,,,,,,NO,,NO,,NO,,64841,Washoe,2016
2016,16,Washoe,16211.2,Mount Rose MS,Regular,,,NO,86,93.1,79.3,NO,NO,NO,NO,NO,,,,,,,,,,,,NO,,NO,,NO,,64841,Washoe,2016
2016,16,Washoe,16212.1,Double Diamond ES,Regular,,,NO,63.5,65,69.8,NO,NO,NO,NO,NO,,,,,,,,,,,,NO,,NO,,NO,,64841,Washoe,2016
2016,16,Washoe,16213.1,Peavine ES,Regular,,,NO,60.1,55.1,73.7,NO,NO,NO,NO,NO,,,,,,,,,,,,NO,,NO,,NO,,64841,Washoe,2016
2016,16,Washoe,16214.1,Cannan ES,Regular,,,YES,27.9,16,26.0,NO,NO,NO,NO,NO,,,,,,,,,,,,NO,,NO,,NO,,64841,Washoe,2016
2016,16,Washoe,16215.1,Corbett ES,Regular,,,YES,35,25.6,45.5,NO,NO,NO,NO,NO,,,,,,,,,,,,NO,,NO,,NO,,64841,Washoe,2016
2016,16,Washoe,16216.1,Gomm ES,Regular,,,NO,78.3,74.4,87.8,NO,NO,NO,NO,NO,,,,,,,,,,,,NO,,NO,,NO,,64841,Washoe,2016
2016,16,Washoe,16218.1,Smithridge ES,Regular,,,YES,33.7,29.2,42.3,NO,NO,NO,NO,NO,,,,,,,,,,,,NO,,NO,,NO,,64841,Washoe,2016
2016,16,Washoe,16219.1,Stead ES,Regular,,,YES,34.4,28,47.9,NO,NO,NO,NO,NO,,,,,,,,,,,,NO,,NO,,NO,,64841,Washoe,2016
2016,16,Washoe,16220.1,Veterans Mem ES,Regular,,,YES,31.6,22.6,52.5,NO,NO,NO,NO,NO,,,,,,,,,,,,NO,,NO,,NO,,64841,Washoe,2016
2016,16,Washoe,16221.1,Risley ES,Regular,,,YES,37.6,28.3,49.1,NO,NO,NO,NO,NO,,,,,,,,,,,,NO,,NO,,NO,,64841,Washoe,2016
2016,16,Washoe,16222.1,Maxwell ES,Regular,,,YES,37.9,35.3,48.5,NO,NO,NO,NO,NO,,,,,,,,,,,,NO,,NO,,NO,,64841,Washoe,2016
2016,16,Washoe,16223.1,Drake ES,Regular,,,YES,49.4,40.7,68.6,NO,NO,NO,NO,NO,,,,,,,,,,,,NO,,NO,,NO,,64841,Washoe,2016
2016,16,Washoe,16224.1,Greenbrae ES,Regular,,,YES,48.1,36.5,51.0,NO,NO,NO,NO,NO,,,,,,,,,,,,NO,,NO,,NO,,64841,Washoe,2016
2016,16,Washoe,16225.1,Smith Kate ES,Regular,,,YES,39,34.9,38.5,NO,NO,NO,NO,NO,,,,,,,,,,,,NO,,NO,,NO,,64841,Washoe,2016
2016,16,Washoe,16226.1,Juniper ES,Regular,,,NO,46.6,41.8,40.0,NO,NO,NO,NO,NO,,,,,,,,,,,,NO,,NO,,NO,,64841,Washoe,2016
2016,16,Washoe,16227.1,Lincoln Park ES,Regular,,,YES,24.4,23.4,42.9,NO,NO,NO,NO,NO,,,,,,,,,,,,NO,,NO,,NO,,64841,Washoe,2016
2016,16,Washoe,16228.1,Mitchell ES,Regular,,,YES,29.6,23.1,42.2,NO,NO,NO,NO,NO,,,,,,,,,,,,NO,,NO,,NO,,64841,Washoe,2016
2016,16,Washoe,16229.1,Brown ES,Regular,,,NO,67.4,59.8,86.9,NO,NO,NO,NO,NO,,,,,,,,,,,,NO,,NO,,NO,,64841,Washoe,2016
2016,16,Washoe,16230.1,Huffaker ES,Regular,,,NO,57.9,50.6,80.4,NO,NO,NO,NO,NO,,,,,,,,,,,,NO,,NO,,NO,,64841,Washoe,2016
2016,16,Washoe,16231.1,Lemelson STEM ES ES,Regular,,,NO,30.2,34.4,35.4,NO,NO,NO,NO,NO,,,,,,,,,,,,NO,,NO,,NO,,64841,Washoe,2016
2016,16,Washoe,16232.1,Lemmon Vly ES,Regular,,,YES,44,33.3,75.3,NO,NO,NO,NO,NO,,,,,,,,,,,,NO,,NO,,NO,,64841,Washoe,2016
2016,16,Washoe,16233.1,Pleasant Vly ES,Regular,,,NO,77,65.2,91.2,NO,NO,NO,NO,NO,,,,,,,,,,,,NO,,NO,,NO,,64841,Washoe,2016
2016,16,Washoe,16234.1,Sun Valley ES,Regular,,,YES,20.4,21.5,47.3,NO,NO,NO,NO,NO,,,,,,,,,,,,NO,,NO,,NO,,64841,Washoe,2016
2016,16,Washoe,16235.1,Verdi ES,Regular,,,NO,69,61.1,84.6,NO,NO,NO,NO,NO,,,,,,,,,,,,NO,,NO,,NO,,64841,Washoe,2016
2016,16,Washoe,16237.1,Natchez ES,Regular,,,YES,21.2,12.9,35.0,NO,NO,NO,NO,NO,,,,,,,,,,,,NO,,NO,,NO,,64841,Washoe,2016
2016,16,Washoe,16238.1,Diedrichsen ES,Regular,,,NO,60.3,52.7,80.4,NO,NO,NO,NO,NO,,,,,,,,,,,,NO,,NO,,NO,,64841,Washoe,2016
2016,16,Washoe,16239.1,Dunn ES,Regular,,,YES,48.6,35.2,45.2,NO,NO,NO,NO,NO,,,,,,,,,,,,NO,,NO,,NO,,64841,Washoe,2016
2016,16,Washoe,16240.1,Palmer ES,Regular,,,YES,34.2,32.9,60.3,NO,NO,NO,NO,NO,,,,,,,,,,,,NO,,NO,,NO,,64841,Washoe,2016
2016,16,Washoe,16241.1,Hall ES,Regular,,,NO,51.2,44.2,64.1,NO,NO,NO,NO,NO,,,,,,,,,,,,NO,,NO,,NO,,64841,Washoe,2016
2016,16,Washoe,16242.1,Sepulveda ES,Regular,,,NO,52.5,39.8,65.9,NO,NO,NO,NO,NO,,,,,,,,,,,,NO,,NO,,NO,,64841,Washoe,2016
2016,16,Washoe,16251.1,Incline ES,Regular,,,NO,49,38.5,63.0,NO,NO,NO,NO,NO,,,,,,,,,,,,NO,,NO,,NO,,64841,Washoe,2016
2016,16,Washoe,16256.1,Gomes ES,Regular,,,NO,45.2,44.3,,NO,NO,NO,NO,NO,,,,,,,,,,,,NO,,NO,,NO,,64841,Washoe,2016
2016,16,Washoe,16257.1,Lenz ES,Regular,,,NO,81.3,75.7,85.7,NO,NO,NO,NO,NO,,,,,,,,,,,,NO,,NO,,NO,,64841,Washoe,2016
2016,16,Washoe,16258.1,Dodson ES,Regular,,,YES,34.3,28.5,34.0,NO,NO,NO,NO,NO,,,,,,,,,,,,NO,,NO,,NO,,64841,Washoe,2016
2016,16,Washoe,16259.1,Whitehead ES,Regular,,,NO,59.9,56,66.7,NO,NO,NO,NO,NO,,,,,,,,,,,,NO,,NO,,NO,,64841,Washoe,2016
2016,16,Washoe,16260.1,Smith Alice ES,Regular,,,YES,42.3,26.9,67.3,NO,NO,NO,NO,NO,,,,,,,,,,,,NO,,NO,,NO,,64841,Washoe,2016
2016,16,Washoe,16261.1,Caughlin Ranch ES,Regular,,,NO,88.4,82.2,94.1,NO,NO,NO,NO,NO,,,,,,,,,,,,NO,,NO,,NO,,64841,Washoe,2016
2016,16,Washoe,16262.1,Hidden Vly ES,Regular,,,NO,35,28.2,52.1,NO,NO,NO,NO,NO,,,,,,,,,,,,NO,,NO,,NO,,64841,Washoe,2016
2016,16,Washoe,16263.1,Silver Lake ES,Regular,,,NO,43,40.9,60.0,NO,NO,NO,NO,NO,,,,,,,,,,,,NO,,NO,,NO,,64841,Washoe,2016
2016,16,Washoe,16264.1,Westergard ES,Regular,,,NO,76.3,70.6,84.6,NO,NO,NO,NO,NO,,,,,,,,,,,,NO,,NO,,NO,,64841,Washoe,2016
2016,16,Washoe,16265.1,Taylor ES,Regular,,,NO,62.2,54.1,89.9,NO,NO,NO,NO,NO,,,,,,,,,,,,NO,,NO,,NO,,64841,Washoe,2016
2016,16,Washoe,16266.1,Allen ES,Regular,,,YES,28,23.4,49.4,NO,NO,NO,NO,NO,,,,,,,,,,,,NO,,NO,,NO,,64841,Washoe,2016
2016,16,Washoe,16267.1,Moss ES,Regular,,,NO,55,51.3,67.1,NO,NO,NO,NO,NO,,,,,,,,,,,,NO,,NO,,NO,,64841,Washoe,2016
2016,16,Washoe,16268.1,Desert Heights ES,Regular,,,YES,22.3,19,37.3,NO,NO,NO,NO,NO,,,,,,,,,,,,NO,,NO,,NO,,64841,Washoe,2016
2016,16,Washoe,16269.1,Spanish Spgs ES,Regular,,,NO,60.7,48.8,76.7,NO,NO,NO,NO,NO,,,,,,,,,,,,NO,,NO,,NO,,64841,Washoe,2016
2016,16,Washoe,16270.1,Winnemucca ES,Regular,,,NO,60.9,54.1,68.4,NO,NO,NO,NO,NO,,,,,,,,,,,,NO,,NO,,NO,,64841,Washoe,2016
2016,16,Washoe,16271.1,Beasley ES,Regular,,,NO,58.6,49,77.0,NO,NO,NO,NO,NO,,,,,,,,,,,,NO,,NO,,NO,,64841,Washoe,2016
2016,16,Washoe,16272.1,Donner Spgs ES,Regular,,,YES,41.6,35.6,70.2,NO,NO,NO,NO,NO,,,,,,,,,,,,NO,,NO,,NO,,64841,Washoe,2016
2016,16,Washoe,16273.1,Mathews ES,Regular,,,YES,33.3,31.1,41.4,NO,NO,NO,NO,NO,,,,,,,,,,,,NO,,NO,,NO,,64841,Washoe,2016
2016,16,Washoe,16274.1,Hunsberger ES,Regular,,,NO,86.1,80.8,90.9,NO,NO,NO,NO,NO,,,,,,,,,,,,NO,,NO,,NO,,64841,Washoe,2016
2016,16,Washoe,16275.1,Bennett ES,Regular,,,YES,33.2,31.3,60.0,NO,NO,NO,NO,NO,,,,,,,,,,,,NO,,NO,,NO,,64841,Washoe,2016
2016,16,Washoe,16276.1,Van Gorder ES,Regular,,,NO,68.9,60.8,88.7,NO,NO,NO,NO,NO,,,,,,,,,,,,NO,,NO,,NO,,64841,Washoe,2016
2016,16,Washoe,16278.1,Bailey ES,Charter,,,YES,30.9,34.6,29.4,NO,NO,NO,NO,NO,,,,,,,,,,,,NO,,NO,,NO,,64841,Washoe,2016
2016,16,Washoe,16281.1,Mariposa Acad ES,Charter,,,YES,24.6,18,44.4,NO,NO,NO,NO,NO,,,,,,,,,,,,NO,,NO,,NO,,64841,Washoe,2016
2016,16,Washoe,16282.1,High Desert Monte ES,Charter,,,NO,34.3,19.4,29.0,NO,NO,NO,NO,NO,,,,,,,,,,,,NO,,NO,,NO,,64841,Washoe,2016
2016,16,Washoe,16282.2,High Desert Monte MS,Charter,,,NO,52.2,34.3,55.2,NO,NO,NO,NO,NO,,,,,,,,,,,,NO,,NO,,NO,,64841,Washoe,2016
2016,16,Washoe,16282.3,High Desert Monte HS,Charter,,,NO,,80,,NO,NO,NO,NO,NO,,,,,,,,,,,,NO,,NO,,NO,,64841,Washoe,2016
2016,16,Washoe,16301.2,Clayton MS,Regular,,,NO,56.3,37.2,67.4,NO,NO,NO,NO,NO,,,,,,,,,,,,NO,,NO,,NO,,64841,Washoe,2016
2016,16,Washoe,16302.2,Pine MS,Regular,,,NO,56.2,35.6,69.1,NO,NO,NO,NO,NO,,,,,,,,,,,,NO,,NO,,NO,,64841,Washoe,2016
2016,16,Washoe,16303.2,Swope MS,Regular,,,NO,70.7,41.6,76.1,NO,NO,NO,NO,NO,,,,,,,,,,,,NO,,NO,,NO,,64841,Washoe,2016
2016,16,Washoe,16304.2,Vaughn MS,Regular,,,YES,37.7,18.6,47.7,NO,NO,NO,NO,NO,,,,,,,,,,,,NO,,NO,,NO,,64841,Washoe,2016
2016,16,Washoe,16305.2,Traner MS,Regular,,,YES,27.3,13,36.4,NO,NO,NO,NO,NO,,,,,,,,,,,,NO,,NO,,NO,,64841,Washoe,2016
2016,16,Washoe,16306.2,Dilworth MS,Regular,,,YES,38.5,27.3,59.0,NO,NO,NO,NO,NO,,,,,,,,,,,,NO,,NO,,NO,,64841,Washoe,2016
2016,16,Washoe,16307.2,Sparks MS,Regular,,,YES,35.5,15.4,34.3,NO,NO,NO,NO,NO,,,,,,,,,,,,NO,,NO,,NO,,64841,Washoe,2016
2016,16,Washoe,16308.2,OBrien MS,Regular,,,YES,45,19.6,57.4,NO,NO,NO,NO,NO,,,,,,,,,,,,NO,,NO,,NO,,64841,Washoe,2016
2016,16,Washoe,16309.2,Incline MS,Regular,,,NO,43.1,36.2,57.4,NO,NO,NO,NO,NO,,,,,,,,,,,,NO,,NO,,NO,,64841,Washoe,2016
2016,16,Washoe,16310.2,Billinghurst MS,Regular,,,NO,63.3,43.5,75.9,NO,NO,NO,NO,NO,,,,,,,,,,,,NO,,NO,,NO,,64841,Washoe,2016
2016,16,Washoe,16311.2,Mendive MS,Regular,,,NO,66.2,44.7,78.1,NO,NO,NO,NO,NO,,,,,,,,,,,,NO,,NO,,NO,,64841,Washoe,2016
2016,16,Washoe,16312.2,Coral Acad of Sci MS,Charter,,,NO,67.6,44.5,86.8,NO,NO,NO,NO,NO,,,,,,,,,,,,NO,,NO,,NO,,64841,Washoe,2016
2016,16,Washoe,16312.3,Coral Acad of Sci HS,Charter,,,NO,>95,67.6,,NO,NO,NO,NO,NO,,,,,,,,,,,,NO,,NO,,NO,,64841,Washoe,2016
2016,16,Washoe,16315.2,Depoali MS,Regular,,,NO,68.1,50.3,77.9,NO,NO,NO,NO,NO,,,,,,,,,,,,NO,,NO,,NO,,64841,Washoe,2016
2016,16,Washoe,16316.2,Shaw MS,Regular,,,NO,61.7,41.9,71.0,NO,NO,NO,NO,NO,,,,,,,,,,,,NO,,NO,,NO,,64841,Washoe,2016
2016,16,Washoe,16317.2,Cold Springs MS,Regular,,,NO,47.1,27.3,59.9,NO,NO,NO,NO,NO,,,,,,,,,,,,NO,,NO,,NO,,64841,Washoe,2016
2016,16,Washoe,16318.1,Coral Acad of Sci ES,Charter,,,NO,59.3,54.7,73.9,NO,NO,NO,NO,NO,,,,,,,,,,,,NO,,NO,,NO,,64841,Washoe,2016
2016,16,Washoe,16501.3,Wooster HS,Regular,,,NO,83.1,54.3,,NO,NO,NO,NO,NO,,,,,,,,,,,,NO,,NO,,NO,,64841,Washoe,2016
2016,16,Washoe,16502.3,Reno HS,Regular,,,NO,77,62.7,,NO,NO,NO,NO,NO,,,,,,,,,,,,NO,,NO,,NO,,64841,Washoe,2016
2016,16,Washoe,16503.3,Sparks HS,Regular,,,YES,63.6,45.8,,NO,NO,NO,NO,NO,,,,,,,,,,,,NO,,NO,,NO,,64841,Washoe,2016
2016,16,Washoe,16504.3,Hug HS,Regular,,,YES,57.9,42.7,,NO,NO,NO,NO,NO,,,,,,,,,,,,NO,,NO,,NO,,64841,Washoe,2016
2016,16,Washoe,16505.3,Reed HS,Regular,,,NO,60,50.8,,NO,NO,NO,NO,NO,,,,,,,,,,,,NO,,NO,,NO,,64841,Washoe,2016
2016,16,Washoe,16507.1,Inspire ES,Alternative,,,NO,,,,NO,NO,NO,NO,NO,,,,,,,,,,,,NO,,NO,,NO,,64841,Washoe,2016
2016,16,Washoe,16507.2,Inspire MS,Alternative,,,NO,,,,NO,NO,NO,NO,NO,,,,,,,,,,,,NO,,NO,,NO,,64841,Washoe,2016
2016,16,Washoe,16507.3,Inspire HS,Alternative,,,NO,14.3,,,NO,NO,NO,NO,NO,,,,,,,,,,,,NO,,NO,,NO,,64841,Washoe,2016
2016,16,Washoe,16508.3,McQueen HS,Regular,,,NO,90.5,63.4,,NO,NO,NO,NO,NO,,,,,,,,,,,,NO,,NO,,NO,,64841,Washoe,2016
2016,16,Washoe,16509.3,Galena HS,Regular,,,NO,76.2,55,,NO,NO,NO,NO,NO,,,,,,,,,,,,NO,,NO,,NO,,64841,Washoe,2016
2016,16,Washoe,16510.3,Innovations HS,Alternative,,,NO,52.4,19,,NO,NO,NO,NO,NO,,,,,,,,,,,,NO,,NO,,NO,,64841,Washoe,2016
2016,16,Washoe,16601.1,Gerlach K-12 ES,Regular,,,NO,,,,NO,NO,NO,NO,NO,,,,,,,,,,,,NO,,NO,,NO,,64841,Washoe,2016
2016,16,Washoe,16601.2,Gerlach K-12 MS,Regular,,,NO,,,,NO,NO,NO,NO,NO,,,,,,,,,,,,NO,,NO,,NO,,64841,Washoe,2016
2016,16,Washoe,16601.3,Gerlach K-12 HS,Regular,,,NO,,,,NO,NO,NO,NO,NO,,,,,,,,,,,,NO,,NO,,NO,,64841,Washoe,2016
2016,16,Washoe,16602.3,Incline HS,Regular,,,NO,85.7,67.7,,NO,NO,NO,NO,NO,,,,,,,,,,,,NO,,NO,,NO,,64841,Washoe,2016
2016,16,Washoe,16603.3,T M C C Magnet HS,Regular,,,NO,85.2,85.7,,NO,NO,NO,NO,NO,,,,,,,,,,,,NO,,NO,,NO,,64841,Washoe,2016
2016,16,Washoe,16604.3,I Can Do Anything HS,Charter,,,NO,54.2,40.5,,NO,NO,NO,NO,NO,,,,,,,,,,,,NO,,NO,,NO,,64841,Washoe,2016
2016,16,Washoe,16605.1,Sierra NV Acad ES,Charter,,,NO,56.1,44.9,59.1,NO,NO,NO,NO,NO,,,,,,,,,,,,NO,,NO,,NO,,64841,Washoe,2016
2016,16,Washoe,16605.2,Sierra NV Acad MS,Charter,,,NO,51,37.3,45.8,NO,NO,NO,NO,NO,,,,,,,,,,,,NO,,NO,,NO,,64841,Washoe,2016
2016,16,Washoe,16606.3,Spanish Spgs HS,Regular,,,NO,84.8,59.6,,NO,NO,NO,NO,NO,,,,,,,,,,,,NO,,NO,,NO,,64841,Washoe,2016
2016,16,Washoe,16607.3,North Valleys HS,Regular,,,NO,57.1,46.4,,NO,NO,NO,NO,NO,,,,,,,,,,,,NO,,NO,,NO,,64841,Washoe,2016
2016,16,Washoe,16608.3,Acad for Career E HS,Charter,,,NO,88.9,57.1,,NO,NO,NO,NO,NO,,,,,,,,,,,,NO,,NO,,NO,,64841,Washoe,2016
2016,16,Washoe,16609.3,Damonte Ranch HS,Regular,,,NO,77.4,64.3,,NO,NO,NO,NO,NO,,,,,,,,,,,,NO,,NO,,NO,,64841,Washoe,2016
2016,16,Washoe,16610.3,enCompass HS,Charter,,,NO,53.8,29,,NO,NO,NO,NO,NO,,,,,,,,,,,,NO,,NO,,NO,,64841,Washoe,2016
2016,16,Washoe,16611.3,AACT HS,Regular,,,NO,>95,67.4,,NO,NO,NO,NO,NO,,,,,,,,,,,,NO,,NO,,NO,,64841,Washoe,2016
2016,16,Washoe,16911.1,Picollo Sch ES,Special Education,,,NO,<5,<5,,NO,NO,NO,NO,NO,,,,,,,,,,,,NO,,NO,,NO,,64841,Washoe,2016
2016,16,Washoe,16911.2,Picollo Sch MS,Special Education,,,NO,,,,NO,NO,NO,NO,NO,,,,,,,,,,,,NO,,NO,,NO,,64841,Washoe,2016
2016,16,Washoe,16911.3,Picollo Sch HS,Special Education,,,NO,,,,NO,NO,NO,NO,NO,,,,,,,,,,,,NO,,NO,,NO,,64841,Washoe,2016
2016,16,Washoe,16917.2,Turning Point MS,Alternative,,,NO,,,,NO,NO,NO,NO,NO,,,,,,,,,,,,NO,,NO,,NO,,64841,Washoe,2016
2016,16,Washoe,16917.3,Turning Point HS,Alternative,,,NO,,,,NO,NO,NO,NO,NO,,,,,,,,,,,,NO,,NO,,NO,,64841,Washoe,2016
2016,16,Washoe,16921.3,RiseACAdultEd SCH HS,Adult,,,NO,,,,NO,NO,NO,NO,NO,,,,,,,,,,,,NO,,NO,,NO,,64841,Washoe,2016
2016,16,Washoe,16923.1,North Star ES,Alternative,,,NO,66.7,41.7,,NO,NO,NO,NO,NO,,,,,,,,,,,,NO,,NO,,NO,,64841,Washoe,2016
2016,16,Washoe,16923.2,North Star MS,Alternative,,,NO,79.3,48,70.6,NO,NO,NO,NO,NO,,,,,,,,,,,,NO,,NO,,NO,,64841,Washoe,2016
2016,16,Washoe,16923.3,North Star HS,Alternative,,,NO,>95,75,,NO,NO,NO,NO,NO,,,,,,,,,,,,NO,,NO,,NO,,64841,Washoe,2016
2016,17,White Pine,17101.1,Lund ES,Regular,,,NO,50.0,22.2,,NO,NO,NO,NO,NO,,,,,,,,,,,,NO,,NO,,NO,,64842,White Pine,2016
2016,17,White Pine,17103.1,Baker ES,Regular,,,NO,30.8,23.1,,NO,NO,NO,NO,NO,,,,,,,,,,,,NO,,NO,,NO,,64842,White Pine,2016
2016,17,White Pine,17103.2,Baker MS,Regular,,,NO,,,,NO,NO,NO,NO,NO,,,,,,,,,,,,NO,,NO,,NO,,64842,White Pine,2016
2016,17,White Pine,17201.1,Norman ES,Regular,,,YES,23.2,25.8,53.2,NO,NO,NO,NO,NO,,,,,,,,,,,,NO,,NO,,NO,,64842,White Pine,2016
2016,17,White Pine,17203.1,McGill ES,Regular,,,YES,26.9,31.8,61.9,NO,NO,NO,NO,NO,,,,,,,,,,,,NO,,NO,,NO,,64842,White Pine,2016
2016,17,White Pine,17301.2,White Pine MS,Regular,,,YES,39.7,31.1,60.3,NO,NO,NO,NO,NO,,,,,,,,,,,,NO,,NO,,NO,,64842,White Pine,2016
2016,17,White Pine,17502.3,White Pine HS,Regular,,,NO,73.1,51.1,,NO,NO,NO,NO,NO,,,,,,,,,,,,NO,,NO,,NO,,64842,White Pine,2016
2016,17,White Pine,17601.2,Lund Jr S HS MS,Regular,,,NO,50.0,38.9,,NO,NO,NO,NO,NO,,,,,,,,,,,,NO,,NO,,NO,,64842,White Pine,2016
2016,17,White Pine,17601.3,Lund Jr S HS HS,Regular,,,NO,,,,NO,NO,NO,NO,NO,,,,,,,,,,,,NO,,NO,,NO,,64842,White Pine,2016
2016,17,White Pine,17903.3,Steptoe Vly HS,Alternative,,,NO,,,,NO,NO,NO,NO,NO,,,,,,,,,,,,NO,,NO,,NO,,64842,White Pine,2016
2016,18,State Public Charter School Authority ,18400.2,Silver State MS,Charter,,,NO,42.1,10.5,68.4,NO,NO,NO,NO,NO,,,,,,,,,,,,NO,,NO,,NO,,64843,SPCSA,2016
2016,18,State Public Charter School Authority ,18400.3,Silver State HS,Charter,,,NO,65.5,40.2,,NO,NO,NO,NO,NO,,,,,,,,,,,,NO,,NO,,NO,,64843,SPCSA,2016
2016,18,State Public Charter School Authority ,18401.3,Nevada State HS,Charter,,,NO,83.3,63.5,,NO,NO,NO,NO,NO,,,,,,,,,,,,NO,,NO,,NO,,64843,SPCSA,2016
2016,18,State Public Charter School Authority ,18404.1,Nevada Virtual Ac ES,Charter Virtual School,,,YES,36.8,22.5,41.3,NO,NO,NO,NO,NO,,,,,,,,,,,,NO,,NO,,NO,,64843,SPCSA,2016
2016,18,State Public Charter School Authority ,18404.2,Nevada Virtual Ac MS,Charter Virtual School,,,YES,47,26.9,46,NO,NO,NO,NO,NO,,,,,,,,,,,,NO,,NO,,NO,,64843,SPCSA,2016
2016,18,State Public Charter School Authority ,18404.3,Nevada Virtual Ac HS,Charter Virtual School,,,YES,74.9,41.9,,NO,NO,NO,NO,NO,,,,,,,,,,,,NO,,NO,,NO,,64843,SPCSA,2016
2016,18,State Public Charter School Authority ,18405.1,NV Connections Ac ES,Charter Virtual School,,,YES,53.6,32.7,73.2,NO,NO,NO,NO,NO,,,,,,,,,,,,NO,,NO,,NO,,64843,SPCSA,2016
2016,18,State Public Charter School Authority ,18405.2,NV Connections Ac MS,Charter Virtual School,,,YES,50.2,22.7,59.8,NO,NO,NO,NO,NO,,,,,,,,,,,,NO,,NO,,NO,,64843,SPCSA,2016
2016,18,State Public Charter School Authority ,18405.3,NV Connections Ac HS,Charter Virtual School,,,YES,87.9,50.7,,NO,NO,NO,NO,NO,,,,,,,,,,,,NO,,NO,,NO,,64843,SPCSA,2016
2016,18,State Public Charter School Authority ,18407.1,Coral Acad of Sci ES,Charter,,,NO,80,71.4,89.5,NO,NO,NO,NO,NO,,,,,,,,,,,,NO,,NO,,NO,,64843,SPCSA,2016
2016,18,State Public Charter School Authority ,18407.2,Coral Acad of Sci MS,Charter,,,NO,63,62.3,75,NO,NO,NO,NO,NO,,,,,,,,,,,,NO,,NO,,NO,,64843,SPCSA,2016
2016,18,State Public Charter School Authority ,18407.3,Coral Acad of Sci HS,Charter,,,NO,87.9,76.7,,NO,NO,NO,NO,NO,,,,,,,,,,,,NO,,NO,,NO,,64843,SPCSA,2016
2016,18,State Public Charter School Authority ,18408.1,Quest Acad ES,Charter,,,NO,44.5,33.3,56.1,NO,NO,NO,NO,NO,,,,,,,,,,,,NO,,NO,,NO,,64843,SPCSA,2016
2016,18,State Public Charter School Authority ,18408.2,Quest Acad MS,Charter,,,NO,39.9,19.4,51.4,NO,NO,NO,NO,NO,,,,,,,,,,,,NO,,NO,,NO,,64843,SPCSA,2016
2016,18,State Public Charter School Authority ,18408.3,Quest Acad HS,Charter,,,NO,82.4,36.3,,NO,NO,NO,NO,NO,,,,,,,,,,,,NO,,NO,,NO,,64843,SPCSA,2016
2016,18,State Public Charter School Authority ,18409.3,Beacon Academy HS,Charter Virtual School,,,NO,53.4,35.1,,NO,NO,NO,NO,NO,,,,,,,,,,,,NO,,NO,,NO,,64843,SPCSA,2016
2016,18,State Public Charter School Authority ,18410.1,Elko Institute ES,Charter,,,NO,49.2,35.6,90,NO,NO,NO,NO,NO,,,,,,,,,,,,NO,,NO,,NO,,64843,SPCSA,2016
2016,18,State Public Charter School Authority ,18410.2,Elko Institute MS,Charter,,,NO,41.7,36.7,64.3,NO,NO,NO,NO,NO,,,,,,,,,,,,NO,,NO,,NO,,64843,SPCSA,2016
2016,18,State Public Charter School Authority ,18411.1,Silver Sands ES,Charter,,,NO,48.4,35.5,69.2,NO,NO,NO,NO,NO,,,,,,,,,,,,NO,,NO,,NO,,64843,SPCSA,2016
2016,18,State Public Charter School Authority ,18411.2,Silver Sands MS,Charter,,,NO,63.5,38.1,68.4,NO,NO,NO,NO,NO,,,,,,,,,,,,NO,,NO,,NO,,64843,SPCSA,2016
2016,18,State Public Charter School Authority ,18412.3,Alpine Charter HS,Charter,,,NO,79.7,67.6,,NO,NO,NO,NO,NO,,,,,,,,,,,,NO,,NO,,NO,,64843,SPCSA,2016
2016,18,State Public Charter School Authority ,18414.1,Oasis Acad ES,Charter,,,NO,76.9,59.5,>95,NO,NO,NO,NO,NO,,,,,,,,,,,,NO,,NO,,NO,,64843,SPCSA,2016
2016,18,State Public Charter School Authority ,18414.2,Oasis Acad MS,Charter,,,NO,80,52.5,77.5,NO,NO,NO,NO,NO,,,,,,,,,,,,NO,,NO,,NO,,64843,SPCSA,2016
2016,18,State Public Charter School Authority ,18414.3,Oasis Acad HS,Charter,,,NO,>95,45.6,,NO,NO,NO,NO,NO,,,,,,,,,,,,NO,,NO,,NO,,64843,SPCSA,2016
2016,18,State Public Charter School Authority ,18417.1,Discovery Sch ES,Charter,,,NO,46.3,25.9,60.4,NO,NO,NO,NO,NO,,,,,,,,,,,,NO,,NO,,NO,,64843,SPCSA,2016
2016,18,State Public Charter School Authority ,18417.2,Discovery Sch MS,Charter,,,NO,45.8,20.8,59.4,NO,NO,NO,NO,NO,,,,,,,,,,,,NO,,NO,,NO,,64843,SPCSA,2016
2016,18,State Public Charter School Authority ,18418.1,Imagine MTN View ES,Charter,,,NO,47.2,41.3,58.2,NO,NO,NO,NO,NO,,,,,,,,,,,,NO,,NO,,NO,,64843,SPCSA,2016
2016,18,State Public Charter School Authority ,18418.2,Imagine MTN View MS,Charter,,,NO,45.5,36.4,,NO,NO,NO,NO,NO,,,,,,,,,,,,NO,,NO,,NO,,64843,SPCSA,2016
2016,18,State Public Charter School Authority ,18419.1,Somerset Acad ES,Charter,,,NO,66.9,59.0,73.4,NO,NO,NO,NO,NO,,,,,,,,,,,,NO,,NO,,NO,,64843,SPCSA,2016
2016,18,State Public Charter School Authority ,18419.2,Somerset Acad MS,Charter,,,NO,54.7,39.1,68.8,NO,NO,NO,NO,NO,,,,,,,,,,,,NO,,NO,,NO,,64843,SPCSA,2016
2016,18,State Public Charter School Authority ,18419.3,Somerset Acad HS,Charter,,,NO,77.9,50.0,,NO,NO,NO,NO,NO,,,,,,,,,,,,NO,,NO,,NO,,64843,SPCSA,2016
2016,18,State Public Charter School Authority ,18423.1,Pinecrest ES,Charter,,,NO,65.5,65.8,80.8,NO,NO,NO,NO,NO,,,,,,,,,,,,NO,,NO,,NO,,64843,SPCSA,2016
2016,18,State Public Charter School Authority ,18423.2,Pinecrest MS,Charter,,,NO,56.5,37.9,82.4,NO,NO,NO,NO,NO,,,,,,,,,,,,NO,,NO,,NO,,64843,SPCSA,2016
2016,18,State Public Charter School Authority ,18424.1,Honors Acad ES,Charter,,,NO,56.3,57.8,89.5,NO,NO,NO,NO,NO,,,,,,,,,,,,NO,,NO,,NO,,64843,SPCSA,2016
2016,18,State Public Charter School Authority ,18424.2,Honors Acad MS,Charter,,,NO,40.3,26.6,73.3,NO,NO,NO,NO,NO,,,,,,,,,,,,NO,,NO,,NO,,64843,SPCSA,2016
2016,18,State Public Charter School Authority ,18426.1,Doral CS ES,Charter,,,NO,70.2,56.5,80.7,NO,NO,NO,NO,NO,,,,,,,,,,,,NO,,NO,,NO,,64843,SPCSA,2016
2016,18,State Public Charter School Authority ,18426.2,Doral CS MS,Charter,,,NO,66,40.5,79.6,NO,NO,NO,NO,NO,,,,,,,,,,,,NO,,NO,,NO,,64843,SPCSA,2016
2016,18,State Public Charter School Authority ,18428.1,Learning Bridge ES,Charter,,,NO,50.8,41.0,65,NO,NO,NO,NO,NO,,,,,,,,,,,,NO,,NO,,NO,,64843,SPCSA,2016
2016,18,State Public Charter School Authority ,18428.2,Learning Bridge MS,Charter,,,NO,30.2,26.4,46.2,NO,NO,NO,NO,NO,,,,,,,,,,,,NO,,NO,,NO,,64843,SPCSA,2016
2016,18,State Public Charter School Authority ,18429.2,Leadership MS,Charter,,,NO,61.9,33.6,48.4,NO,NO,NO,NO,NO,,,,,,,,,,,,NO,,NO,,NO,,64843,SPCSA,2016
2016,18,State Public Charter School Authority ,18429.3,Leadership HS,Charter,,,NO,78.3,69.8,,NO,NO,NO,NO,NO,,,,,,,,,,,,NO,,NO,,NO,,64843,SPCSA,2016
2016,18,State Public Charter School Authority ,18430.1,Founders ES,Charter,,,NO,62.7,42.9,66.7,NO,NO,NO,NO,NO,,,,,,,,,,,,NO,,NO,,NO,,64843,SPCSA,2016
2016,18,State Public Charter School Authority ,18430.2,Founders MS,Charter,,,NO,55.5,38.3,56.7,NO,NO,NO,NO,NO,,,,,,,,,,,,NO,,NO,,NO,,64843,SPCSA,2016
2016,18,State Public Charter School Authority ,18430.3,Founders HS,Charter,,,NO,94.3,87.1,,NO,NO,NO,NO,NO,,,,,,,,,,,,NO,,NO,,NO,,64843,SPCSA,2016
2016,18,State Public Charter School Authority ,18431.1,American Prep ES,Charter,,,NO,61.6,45.1,70,NO,NO,NO,NO,NO,,,,,,,,,,,,NO,,NO,,NO,,64843,SPCSA,2016
2016,18,State Public Charter School Authority ,18431.2,American Prep MS,Charter,,,NO,62.7,50.6,67.2,NO,NO,NO,NO,NO,,,,,,,,,,,,NO,,NO,,NO,,64843,SPCSA,2016
2016,18,State Public Charter School Authority ,18431.3,American Prep HS,Charter,,,NO,84.6,82.1,,NO,NO,NO,NO,NO,,,,,,,,,,,,NO,,NO,,NO,,64843,SPCSA,2016
2016,18,State Public Charter School Authority ,18432.1,Mater ES,Charter,,,NO,27.2,21.8,35,NO,NO,NO,NO,NO,,,,,,,,,,,,NO,,NO,,NO,,64843,SPCSA,2016
2016,18,State Public Charter School Authority ,18432.2,Mater MS,Charter,,,NO,31.8,16.2,,NO,NO,NO,NO,NO,,,,,,,,,,,,NO,,NO,,NO,,64843,SPCSA,2016
2016,18,State Public Charter School Authority ,18433.2,Equipo AC Sh SCH MS,Charter,,,NO,27.8,12.1,37.7,NO,NO,NO,NO,NO,,,,,,,,,,,,NO,,NO,,NO,,64843,SPCSA,2016
2016,18,State Public Charter School Authority ,18433.3,Equipo AC Sh SCH HS,Charter,,,NO,82.8,31.5,,NO,NO,NO,NO,NO,,,,,,,,,,,,NO,,NO,,NO,,64843,SPCSA,2016
